test_hub,algo,round,rmse_ret,mae_ret,rmse_price_implied,baseline_rmse_ret,baseline_mae_ret,baseline_rmse_price,baseline_mae_price
FIN,fedprox,1,0.38000231981277466,0.36652591824531555,17.00855142359901,0.11428779548152551,0.06315286692840304,7.220124678931129,3.573620689655172
FIN,fedprox,2,0.33834463357925415,0.32447922229766846,15.562730157967604,0.11428779548152551,0.06315286692840304,7.220124678931129,3.573620689655172
FIN,fedprox,3,0.29815346002578735,0.2842505872249603,14.132224471232412,0.11428779548152551,0.06315286692840304,7.220124678931129,3.573620689655172
FIN,fedprox,4,0.26018887758255005,0.24561433494091034,12.774802440784178,0.11428779548152551,0.06315286692840304,7.220124678931129,3.573620689655172
FIN,fedprox,5,0.2243689000606537,0.2068578153848648,11.469754184032846,0.11428779548152551,0.06315286692840304,7.220124678931129,3.573620689655172
FIN,fedprox,6,0.1923217922449112,0.16891048848628998,10.288213610487007,0.11428779548152551,0.06315286692840304,7.220124678931129,3.573620689655172
FIN,fedprox,7,0.16589553654193878,0.13266126811504364,9.29379330673761,0.11428779548152551,0.06315286692840304,7.220124678931129,3.573620689655172
FIN,fedprox,8,0.14688259363174438,0.10382232815027237,8.607569762239413,0.11428779548152551,0.06315286692840304,7.220124678931129,3.573620689655172
FIN,fedprox,9,0.1363753080368042,0.0897093266248703,8.272932610627306,0.11428779548152551,0.06315286692840304,7.220124678931129,3.573620689655172
FIN,fedprox,10,0.13166122138500214,0.08331646025180817,8.12963535002698,0.11428779548152551,0.06315286692840304,7.220124678931129,3.573620689655172
FIN,fedprox,11,0.1278456598520279,0.07913614809513092,7.917298887246872,0.11428779548152551,0.06315286692840304,7.220124678931129,3.573620689655172
FIN,fedprox,12,0.12499729543924332,0.07537975907325745,7.778134001468358,0.11428779548152551,0.06315286692840304,7.220124678931129,3.573620689655172
FIN,fedprox,13,0.1228918805718422,0.07171189039945602,7.680291973732157,0.11428779548152551,0.06315286692840304,7.220124678931129,3.573620689655172
FIN,fedprox,14,0.1206427589058876,0.06859000772237778,7.558598351792765,0.11428779548152551,0.06315286692840304,7.220124678931129,3.573620689655172
FIN,fedprox,15,0.1188955083489418,0.06568121910095215,7.4721005552861754,0.11428779548152551,0.06315286692840304,7.220124678931129,3.573620689655172
FIN,fedprox,16,0.11775942891836166,0.06324508041143417,7.426998183754266,0.11428779548152551,0.06315286692840304,7.220124678931129,3.573620689655172
FIN,fedprox,17,0.11720789968967438,0.06216849014163017,7.399222199021187,0.11428779548152551,0.06315286692840304,7.220124678931129,3.573620689655172
FIN,fedprox,18,0.11694496124982834,0.06164043769240379,7.400836896640211,0.11428779548152551,0.06315286692840304,7.220124678931129,3.573620689655172
FIN,fedprox,19,0.1165902242064476,0.061512913554906845,7.383928443066539,0.11428779548152551,0.06315286692840304,7.220124678931129,3.573620689655172
FIN,fedprox,20,0.11653489619493484,0.061941780149936676,7.380571818972644,0.11428779548152551,0.06315286692840304,7.220124678931129,3.573620689655172
FIN,fedprox,21,0.11636108160018921,0.06182378903031349,7.379061011522435,0.11428779548152551,0.06315286692840304,7.220124678931129,3.573620689655172
FIN,fedprox,22,0.11619724333286285,0.06179145723581314,7.37262445856152,0.11428779548152551,0.06315286692840304,7.220124678931129,3.573620689655172
FIN,fedprox,23,0.11605080962181091,0.06207137182354927,7.360539296178768,0.11428779548152551,0.06315286692840304,7.220124678931129,3.573620689655172
FIN,fedprox,24,0.11595643311738968,0.062136344611644745,7.356576464729514,0.11428779548152551,0.06315286692840304,7.220124678931129,3.573620689655172
FIN,fedprox,25,0.11585082858800888,0.06201818585395813,7.35132254258969,0.11428779548152551,0.06315286692840304,7.220124678931129,3.573620689655172
FIN,fedprox,26,0.11563589423894882,0.06173253431916237,7.338336262413659,0.11428779548152551,0.06315286692840304,7.220124678931129,3.573620689655172
FIN,fedprox,27,0.1159847155213356,0.06265340000391006,7.358613975836212,0.11428779548152551,0.06315286692840304,7.220124678931129,3.573620689655172
FIN,fedprox,28,0.11560371518135071,0.061777263879776,7.34014074832611,0.11428779548152551,0.06315286692840304,7.220124678931129,3.573620689655172
FIN,fedprox,29,0.11550398170948029,0.061703190207481384,7.332841576754289,0.11428779548152551,0.06315286692840304,7.220124678931129,3.573620689655172
FIN,fedprox,30,0.1155359297990799,0.061860404908657074,7.332788432990422,0.11428779548152551,0.06315286692840304,7.220124678931129,3.573620689655172
FIN,fedprox,31,0.11556447297334671,0.06191157177090645,7.334602903924099,0.11428779548152551,0.06315286692840304,7.220124678931129,3.573620689655172
FIN,fedprox,32,0.11548234522342682,0.06187926232814789,7.327334546661373,0.11428779548152551,0.06315286692840304,7.220124678931129,3.573620689655172
FIN,fedprox,33,0.11558569222688675,0.06210998818278313,7.334906435247499,0.11428779548152551,0.06315286692840304,7.220124678931129,3.573620689655172
FIN,fedprox,34,0.1154853031039238,0.06195267662405968,7.328973485830913,0.11428779548152551,0.06315286692840304,7.220124678931129,3.573620689655172
FIN,fedprox,35,0.11540284752845764,0.06183164194226265,7.319422602435164,0.11428779548152551,0.06315286692840304,7.220124678931129,3.573620689655172
FIN,fedprox,36,0.11542213708162308,0.061871789395809174,7.325718520539605,0.11428779548152551,0.06315286692840304,7.220124678931129,3.573620689655172
FIN,fedprox,37,0.11556149274110794,0.06228747218847275,7.330649810862427,0.11428779548152551,0.06315286692840304,7.220124678931129,3.573620689655172
FIN,fedprox,38,0.1155065968632698,0.062004782259464264,7.331698677318366,0.11428779548152551,0.06315286692840304,7.220124678931129,3.573620689655172
FIN,fedprox,39,0.11556500941514969,0.062260571867227554,7.33206266437208,0.11428779548152551,0.06315286692840304,7.220124678931129,3.573620689655172
FIN,fedprox,40,0.1156296581029892,0.062383152544498444,7.3365999526619765,0.11428779548152551,0.06315286692840304,7.220124678931129,3.573620689655172
FIN,fedprox,41,0.11554056406021118,0.0619015209376812,7.337127203133427,0.11428779548152551,0.06315286692840304,7.220124678931129,3.573620689655172
FIN,fedprox,42,0.11536835134029388,0.061693884432315826,7.320550588443227,0.11428779548152551,0.06315286692840304,7.220124678931129,3.573620689655172
FIN,fedprox,43,0.11533333361148834,0.06153533607721329,7.3247115547643356,0.11428779548152551,0.06315286692840304,7.220124678931129,3.573620689655172
FIN,fedprox,44,0.1151871606707573,0.06142989918589592,7.30812672778671,0.11428779548152551,0.06315286692840304,7.220124678931129,3.573620689655172
FIN,fedprox,45,0.1153046041727066,0.0617109090089798,7.316022701373845,0.11428779548152551,0.06315286692840304,7.220124678931129,3.573620689655172
FIN,fedprox,46,0.11525809019804001,0.06167629733681679,7.314883464330445,0.11428779548152551,0.06315286692840304,7.220124678931129,3.573620689655172
FIN,fedprox,47,0.11514274775981903,0.06138625368475914,7.3112985925475975,0.11428779548152551,0.06315286692840304,7.220124678931129,3.573620689655172
FIN,fedprox,48,0.11509393900632858,0.06116632744669914,7.308535029246309,0.11428779548152551,0.06315286692840304,7.220124678931129,3.573620689655172
FIN,fedprox,49,0.1152682825922966,0.0614917017519474,7.318724712819184,0.11428779548152551,0.06315286692840304,7.220124678931129,3.573620689655172
FIN,fedprox,50,0.11527110636234283,0.06137677654623985,7.322886641311971,0.11428779548152551,0.06315286692840304,7.220124678931129,3.573620689655172
FIN,fedprox,51,0.11514483392238617,0.0612751729786396,7.309589682134172,0.11428779548152551,0.06315286692840304,7.220124678931129,3.573620689655172
FIN,fedprox,52,0.11514454334974289,0.061287522315979004,7.310271403721662,0.11428779548152551,0.06315286692840304,7.220124678931129,3.573620689655172
FIN,fedprox,53,0.1153327226638794,0.06177516654133797,7.3207766125603975,0.11428779548152551,0.06315286692840304,7.220124678931129,3.573620689655172
FIN,fedprox,54,0.1151837483048439,0.061407558619976044,7.311808717306933,0.11428779548152551,0.06315286692840304,7.220124678931129,3.573620689655172
FIN,fedprox,55,0.11519202589988708,0.061443861573934555,7.310829762917053,0.11428779548152551,0.06315286692840304,7.220124678931129,3.573620689655172
FIN,fedprox,56,0.11529640108346939,0.06154433637857437,7.321291932479033,0.11428779548152551,0.06315286692840304,7.220124678931129,3.573620689655172
FIN,fedprox,57,0.11506172269582748,0.0612337663769722,7.303482362052868,0.11428779548152551,0.06315286692840304,7.220124678931129,3.573620689655172
FIN,fedprox,58,0.11515902727842331,0.06138445436954498,7.310260580950234,0.11428779548152551,0.06315286692840304,7.220124678931129,3.573620689655172
FIN,fedprox,59,0.11512693017721176,0.061236098408699036,7.312759650553658,0.11428779548152551,0.06315286692840304,7.220124678931129,3.573620689655172
FIN,fedprox,60,0.11526554822921753,0.06180751323699951,7.3118715117631465,0.11428779548152551,0.06315286692840304,7.220124678931129,3.573620689655172
FIN,fedprox,61,0.11542288959026337,0.062022898346185684,7.32668955815578,0.11428779548152551,0.06315286692840304,7.220124678931129,3.573620689655172
FIN,fedprox,62,0.11527843773365021,0.06208529323339462,7.310204017407343,0.11428779548152551,0.06315286692840304,7.220124678931129,3.573620689655172
FIN,fedprox,63,0.11527825891971588,0.06197095662355423,7.3100985567006465,0.11428779548152551,0.06315286692840304,7.220124678931129,3.573620689655172
FIN,fedprox,64,0.11503658443689346,0.061270471662282944,7.30354351242063,0.11428779548152551,0.06315286692840304,7.220124678931129,3.573620689655172
FIN,fedprox,65,0.11508861929178238,0.06153472512960434,7.300331923997182,0.11428779548152551,0.06315286692840304,7.220124678931129,3.573620689655172
FIN,fedprox,66,0.11518938839435577,0.06167956069111824,7.311246694358982,0.11428779548152551,0.06315286692840304,7.220124678931129,3.573620689655172
FIN,fedprox,67,0.11506591737270355,0.06144850701093674,7.302853861553985,0.11428779548152551,0.06315286692840304,7.220124678931129,3.573620689655172
FIN,fedprox,68,0.11503612995147705,0.061493776738643646,7.29919456870338,0.11428779548152551,0.06315286692840304,7.220124678931129,3.573620689655172
FIN,fedprox,69,0.115040622651577,0.061370849609375,7.303318300233967,0.11428779548152551,0.06315286692840304,7.220124678931129,3.573620689655172
FIN,fedprox,70,0.11489434540271759,0.0611141063272953,7.295865217287693,0.11428779548152551,0.06315286692840304,7.220124678931129,3.573620689655172
FIN,fedprox,71,0.11481501162052155,0.06101135537028313,7.290821193979171,0.11428779548152551,0.06315286692840304,7.220124678931129,3.573620689655172
FIN,fedprox,72,0.1152573674917221,0.0621173158288002,7.311140208463809,0.11428779548152551,0.06315286692840304,7.220124678931129,3.573620689655172
FIN,fedprox,73,0.11517638713121414,0.061812642961740494,7.307313428469155,0.11428779548152551,0.06315286692840304,7.220124678931129,3.573620689655172
FIN,fedprox,74,0.11498842388391495,0.06114218011498451,7.304350070516836,0.11428779548152551,0.06315286692840304,7.220124678931129,3.573620689655172
FIN,fedprox,75,0.11504609882831573,0.06152302399277687,7.300407184844258,0.11428779548152551,0.06315286692840304,7.220124678931129,3.573620689655172
FIN,fedprox,76,0.11489111185073853,0.06125163286924362,7.293430630683643,0.11428779548152551,0.06315286692840304,7.220124678931129,3.573620689655172
FIN,fedprox,77,0.11491676419973373,0.06122211366891861,7.298597457678797,0.11428779548152551,0.06315286692840304,7.220124678931129,3.573620689655172
FIN,fedprox,78,0.1148700937628746,0.06122719496488571,7.291330822964269,0.11428779548152551,0.06315286692840304,7.220124678931129,3.573620689655172
FIN,fedprox,79,0.11486975848674774,0.061093203723430634,7.294321190556946,0.11428779548152551,0.06315286692840304,7.220124678931129,3.573620689655172
FIN,fedprox,80,0.11494869738817215,0.06130499392747879,7.295037293086821,0.11428779548152551,0.06315286692840304,7.220124678931129,3.573620689655172
FIN,fedprox,81,0.11511766165494919,0.06143954396247864,7.312025352994695,0.11428779548152551,0.06315286692840304,7.220124678931129,3.573620689655172
FIN,fedprox,82,0.11507359147071838,0.06167156621813774,7.302958427978837,0.11428779548152551,0.06315286692840304,7.220124678931129,3.573620689655172
FIN,fedprox,83,0.1150302067399025,0.061493828892707825,7.3013809076624385,0.11428779548152551,0.06315286692840304,7.220124678931129,3.573620689655172
FIN,fedprox,84,0.11503730714321136,0.06157287210226059,7.298649803611751,0.11428779548152551,0.06315286692840304,7.220124678931129,3.573620689655172
FIN,fedprox,85,0.1150483638048172,0.06154569610953331,7.30212614487699,0.11428779548152551,0.06315286692840304,7.220124678931129,3.573620689655172
FIN,fedprox,86,0.1148873120546341,0.06131741777062416,7.289329921167149,0.11428779548152551,0.06315286692840304,7.220124678931129,3.573620689655172
FIN,fedprox,87,0.11488176137208939,0.06125508248806,7.290641810051862,0.11428779548152551,0.06315286692840304,7.220124678931129,3.573620689655172
FIN,fedprox,88,0.11502495408058167,0.061418674886226654,7.305415817868944,0.11428779548152551,0.06315286692840304,7.220124678931129,3.573620689655172
FIN,fedprox,89,0.11519031226634979,0.06202416494488716,7.306840799171107,0.11428779548152551,0.06315286692840304,7.220124678931129,3.573620689655172
FIN,fedprox,90,0.11493890732526779,0.06148932874202728,7.2955176343852495,0.11428779548152551,0.06315286692840304,7.220124678931129,3.573620689655172
FIN,fedprox,91,0.11486811190843582,0.06125335022807121,7.29217758122362,0.11428779548152551,0.06315286692840304,7.220124678931129,3.573620689655172
FIN,fedprox,92,0.11511236429214478,0.062029603868722916,7.298415127819144,0.11428779548152551,0.06315286692840304,7.220124678931129,3.573620689655172
FIN,fedprox,93,0.1148633286356926,0.06116953864693642,7.2934807239712995,0.11428779548152551,0.06315286692840304,7.220124678931129,3.573620689655172
FIN,fedprox,94,0.11472123861312866,0.06115139275789261,7.277268808245464,0.11428779548152551,0.06315286692840304,7.220124678931129,3.573620689655172
FIN,fedprox,95,0.11496922373771667,0.06168563663959503,7.296877434414328,0.11428779548152551,0.06315286692840304,7.220124678931129,3.573620689655172
FIN,fedprox,96,0.11490122973918915,0.06158202514052391,7.290830284127223,0.11428779548152551,0.06315286692840304,7.220124678931129,3.573620689655172
FIN,fedprox,97,0.11490318924188614,0.06171797588467598,7.287953944976755,0.11428779548152551,0.06315286692840304,7.220124678931129,3.573620689655172
FIN,fedprox,98,0.11487159878015518,0.06140872836112976,7.2939933360161,0.11428779548152551,0.06315286692840304,7.220124678931129,3.573620689655172
FIN,fedprox,99,0.1150406152009964,0.061696846038103104,7.30402577920092,0.11428779548152551,0.06315286692840304,7.220124678931129,3.573620689655172
FIN,fedprox,100,0.11495023220777512,0.061686720699071884,7.291841908596894,0.11428779548152551,0.06315286692840304,7.220124678931129,3.573620689655172
LTU,fedprox,1,0.37214595079421997,0.35069307684898376,13.533902031474781,0.029620859293290867,0.022854321428262596,1.373016946174649,1.0382241379310346
LTU,fedprox,2,0.3194529116153717,0.2921418845653534,11.701587534718788,0.029620859293290867,0.022854321428262596,1.373016946174649,1.0382241379310346
LTU,fedprox,3,0.27865561842918396,0.2487727552652359,10.255118899442575,0.029620859293290867,0.022854321428262596,1.373016946174649,1.0382241379310346
LTU,fedprox,4,0.2470787614583969,0.21969033777713776,9.146361481679186,0.029620859293290867,0.022854321428262596,1.373016946174649,1.0382241379310346
LTU,fedprox,5,0.2204788327217102,0.19333377480506897,8.175375520641397,0.029620859293290867,0.022854321428262596,1.373016946174649,1.0382241379310346
LTU,fedprox,6,0.19631202518939972,0.16658125817775726,7.256602552089697,0.029620859293290867,0.022854321428262596,1.373016946174649,1.0382241379310346
LTU,fedprox,7,0.17546354234218597,0.14191198348999023,6.464775493168054,0.029620859293290867,0.022854321428262596,1.373016946174649,1.0382241379310346
LTU,fedprox,8,0.15826334059238434,0.12015920877456665,5.807932126706657,0.029620859293290867,0.022854321428262596,1.373016946174649,1.0382241379310346
LTU,fedprox,9,0.14431968331336975,0.1040693148970604,5.296757216719057,0.029620859293290867,0.022854321428262596,1.373016946174649,1.0382241379310346
LTU,fedprox,10,0.13298170268535614,0.09476679563522339,4.897109957121736,0.029620859293290867,0.022854321428262596,1.373016946174649,1.0382241379310346
LTU,fedprox,11,0.1250942200422287,0.0898948386311531,4.621477804612031,0.029620859293290867,0.022854321428262596,1.373016946174649,1.0382241379310346
LTU,fedprox,12,0.11924440413713455,0.08541089296340942,4.4140676046209695,0.029620859293290867,0.022854321428262596,1.373016946174649,1.0382241379310346
LTU,fedprox,13,0.11332905292510986,0.0819849967956543,4.21111381252057,0.029620859293290867,0.022854321428262596,1.373016946174649,1.0382241379310346
LTU,fedprox,14,0.09935763478279114,0.07378268241882324,3.7640189900543435,0.029620859293290867,0.022854321428262596,1.373016946174649,1.0382241379310346
LTU,fedprox,15,0.08599710464477539,0.06622157245874405,3.347427020109747,0.029620859293290867,0.022854321428262596,1.373016946174649,1.0382241379310346
LTU,fedprox,16,0.07334527373313904,0.05876091122627258,2.954560673204678,0.029620859293290867,0.022854321428262596,1.373016946174649,1.0382241379310346
LTU,fedprox,17,0.063459113240242,0.0523131787776947,2.6375526627212365,0.029620859293290867,0.022854321428262596,1.373016946174649,1.0382241379310346
LTU,fedprox,18,0.05464468523859978,0.04542677104473114,2.3398496346680244,0.029620859293290867,0.022854321428262596,1.373016946174649,1.0382241379310346
LTU,fedprox,19,0.04739285260438919,0.03954336792230606,2.090217047799654,0.029620859293290867,0.022854321428262596,1.373016946174649,1.0382241379310346
LTU,fedprox,20,0.0424761101603508,0.03513523191213608,1.9102588580392361,0.029620859293290867,0.022854321428262596,1.373016946174649,1.0382241379310346
LTU,fedprox,21,0.0382724367082119,0.03152972087264061,1.7379015903668065,0.029620859293290867,0.022854321428262596,1.373016946174649,1.0382241379310346
LTU,fedprox,22,0.03587600588798523,0.0295008085668087,1.6446018719236184,0.029620859293290867,0.022854321428262596,1.373016946174649,1.0382241379310346
LTU,fedprox,23,0.03402537852525711,0.028004752472043037,1.565773955959428,0.029620859293290867,0.022854321428262596,1.373016946174649,1.0382241379310346
LTU,fedprox,24,0.03272615745663643,0.026992637664079666,1.5101072752529454,0.029620859293290867,0.022854321428262596,1.373016946174649,1.0382241379310346
LTU,fedprox,25,0.031651053577661514,0.026082279160618782,1.4617983418948663,0.029620859293290867,0.022854321428262596,1.373016946174649,1.0382241379310346
LTU,fedprox,26,0.030730243772268295,0.02526429109275341,1.415984787891983,0.029620859293290867,0.022854321428262596,1.373016946174649,1.0382241379310346
LTU,fedprox,27,0.03001455031335354,0.02479512058198452,1.3833386085049804,0.029620859293290867,0.022854321428262596,1.373016946174649,1.0382241379310346
LTU,fedprox,28,0.02936507575213909,0.02433471567928791,1.354019429370513,0.029620859293290867,0.022854321428262596,1.373016946174649,1.0382241379310346
LTU,fedprox,29,0.028984373435378075,0.023951800540089607,1.335800773726632,0.029620859293290867,0.022854321428262596,1.373016946174649,1.0382241379310346
LTU,fedprox,30,0.029009809717535973,0.023986777290701866,1.3358796837573712,0.029620859293290867,0.022854321428262596,1.373016946174649,1.0382241379310346
LTU,fedprox,31,0.028687074780464172,0.02363576367497444,1.3196971345665955,0.029620859293290867,0.022854321428262596,1.373016946174649,1.0382241379310346
LTU,fedprox,32,0.028679469600319862,0.023828718811273575,1.3211300917561561,0.029620859293290867,0.022854321428262596,1.373016946174649,1.0382241379310346
LTU,fedprox,33,0.028673693537712097,0.023736532777547836,1.317253444821796,0.029620859293290867,0.022854321428262596,1.373016946174649,1.0382241379310346
LTU,fedprox,34,0.02857760153710842,0.023527242243289948,1.3132308209960388,0.029620859293290867,0.022854321428262596,1.373016946174649,1.0382241379310346
LTU,fedprox,35,0.02855687588453293,0.0234688650816679,1.3101216950879568,0.029620859293290867,0.022854321428262596,1.373016946174649,1.0382241379310346
LTU,fedprox,36,0.0284492876380682,0.02341771498322487,1.307355742333945,0.029620859293290867,0.022854321428262596,1.373016946174649,1.0382241379310346
LTU,fedprox,37,0.028703413903713226,0.0236353799700737,1.3231187677849792,0.029620859293290867,0.022854321428262596,1.373016946174649,1.0382241379310346
LTU,fedprox,38,0.02843906357884407,0.023500308394432068,1.305468327573732,0.029620859293290867,0.022854321428262596,1.373016946174649,1.0382241379310346
LTU,fedprox,39,0.02846778742969036,0.023272527381777763,1.3063434337865654,0.029620859293290867,0.022854321428262596,1.373016946174649,1.0382241379310346
LTU,fedprox,40,0.02844770811498165,0.02313804440200329,1.304666042859046,0.029620859293290867,0.022854321428262596,1.373016946174649,1.0382241379310346
LTU,fedprox,41,0.028439894318580627,0.02339707314968109,1.3081992822126025,0.029620859293290867,0.022854321428262596,1.373016946174649,1.0382241379310346
LTU,fedprox,42,0.02859090268611908,0.023568009957671165,1.3165465938084495,0.029620859293290867,0.022854321428262596,1.373016946174649,1.0382241379310346
LTU,fedprox,43,0.028450846672058105,0.023188255727291107,1.3028643104524094,0.029620859293290867,0.022854321428262596,1.373016946174649,1.0382241379310346
LTU,fedprox,44,0.02854461967945099,0.023439645767211914,1.3088362268449931,0.029620859293290867,0.022854321428262596,1.373016946174649,1.0382241379310346
LTU,fedprox,45,0.02843201532959938,0.023166516795754433,1.3028737738515797,0.029620859293290867,0.022854321428262596,1.373016946174649,1.0382241379310346
LTU,fedprox,46,0.02866886556148529,0.023614048957824707,1.3167856081194804,0.029620859293290867,0.022854321428262596,1.373016946174649,1.0382241379310346
LTU,fedprox,47,0.02842341922223568,0.02322181686758995,1.3022638128717265,0.029620859293290867,0.022854321428262596,1.373016946174649,1.0382241379310346
LTU,fedprox,48,0.0286111980676651,0.023580437526106834,1.3114735374377435,0.029620859293290867,0.022854321428262596,1.373016946174649,1.0382241379310346
LTU,fedprox,49,0.028672227635979652,0.02350122481584549,1.3175809108497925,0.029620859293290867,0.022854321428262596,1.373016946174649,1.0382241379310346
LTU,fedprox,50,0.028575198724865913,0.02321525663137436,1.306205875666873,0.029620859293290867,0.022854321428262596,1.373016946174649,1.0382241379310346
LTU,fedprox,51,0.02846510149538517,0.02310154028236866,1.3036049706004185,0.029620859293290867,0.022854321428262596,1.373016946174649,1.0382241379310346
LTU,fedprox,52,0.028370074927806854,0.023024633526802063,1.2979336197430151,0.029620859293290867,0.022854321428262596,1.373016946174649,1.0382241379310346
LTU,fedprox,53,0.028471563011407852,0.023081161081790924,1.3032808639128737,0.029620859293290867,0.022854321428262596,1.373016946174649,1.0382241379310346
LTU,fedprox,54,0.0281609408557415,0.02291868068277836,1.2925594859033211,0.029620859293290867,0.022854321428262596,1.373016946174649,1.0382241379310346
LTU,fedprox,55,0.028192056342959404,0.022788820788264275,1.2949371002107612,0.029620859293290867,0.022854321428262596,1.373016946174649,1.0382241379310346
LTU,fedprox,56,0.028475457802414894,0.022806309163570404,1.3025218348709477,0.029620859293290867,0.022854321428262596,1.373016946174649,1.0382241379310346
LTU,fedprox,57,0.028113501146435738,0.022608913481235504,1.2890888833774874,0.029620859293290867,0.022854321428262596,1.373016946174649,1.0382241379310346
LTU,fedprox,58,0.028171170502901077,0.02307567372918129,1.293991204852401,0.029620859293290867,0.022854321428262596,1.373016946174649,1.0382241379310346
LTU,fedprox,59,0.02819906547665596,0.02306390553712845,1.2908678105655722,0.029620859293290867,0.022854321428262596,1.373016946174649,1.0382241379310346
LTU,fedprox,60,0.028268733993172646,0.023132098838686943,1.2949883163129685,0.029620859293290867,0.022854321428262596,1.373016946174649,1.0382241379310346
LTU,fedprox,61,0.02824225462973118,0.023093944415450096,1.294237208184543,0.029620859293290867,0.022854321428262596,1.373016946174649,1.0382241379310346
LTU,fedprox,62,0.02828604355454445,0.02300981990993023,1.2914500382169125,0.029620859293290867,0.022854321428262596,1.373016946174649,1.0382241379310346
LTU,fedprox,63,0.02825298346579075,0.0231251772493124,1.29443437470065,0.029620859293290867,0.022854321428262596,1.373016946174649,1.0382241379310346
LTU,fedprox,64,0.02821492590010166,0.022818252444267273,1.2953664668884624,0.029620859293290867,0.022854321428262596,1.373016946174649,1.0382241379310346
LTU,fedprox,65,0.02816842496395111,0.022946082055568695,1.2907815235929911,0.029620859293290867,0.022854321428262596,1.373016946174649,1.0382241379310346
LTU,fedprox,66,0.028147440403699875,0.022828547284007072,1.2904931063745073,0.029620859293290867,0.022854321428262596,1.373016946174649,1.0382241379310346
LTU,fedprox,67,0.028447410091757774,0.022755805402994156,1.3035238937422762,0.029620859293290867,0.022854321428262596,1.373016946174649,1.0382241379310346
LTU,fedprox,68,0.028123922646045685,0.022925831377506256,1.2890985593649922,0.029620859293290867,0.022854321428262596,1.373016946174649,1.0382241379310346
LTU,fedprox,69,0.028384199365973473,0.02310628816485405,1.2962513243621694,0.029620859293290867,0.022854321428262596,1.373016946174649,1.0382241379310346
LTU,fedprox,70,0.02846769243478775,0.023441549390554428,1.3066513356432312,0.029620859293290867,0.022854321428262596,1.373016946174649,1.0382241379310346
LTU,fedprox,71,0.02815464325249195,0.023067951202392578,1.2911503066069852,0.029620859293290867,0.022854321428262596,1.373016946174649,1.0382241379310346
LTU,fedprox,72,0.02831360325217247,0.02295040339231491,1.2956307204548718,0.029620859293290867,0.022854321428262596,1.373016946174649,1.0382241379310346
LTU,fedprox,73,0.028384288772940636,0.023210901767015457,1.302619444094988,0.029620859293290867,0.022854321428262596,1.373016946174649,1.0382241379310346
LTU,fedprox,74,0.028208423405885696,0.02306189015507698,1.2961560081008163,0.029620859293290867,0.022854321428262596,1.373016946174649,1.0382241379310346
LTU,fedprox,75,0.028284799307584763,0.023272987455129623,1.2949371896564177,0.029620859293290867,0.022854321428262596,1.373016946174649,1.0382241379310346
LTU,fedprox,76,0.028196759521961212,0.023153390735387802,1.2910575102526223,0.029620859293290867,0.022854321428262596,1.373016946174649,1.0382241379310346
LTU,fedprox,77,0.02835216373205185,0.023243088275194168,1.2958033769788102,0.029620859293290867,0.022854321428262596,1.373016946174649,1.0382241379310346
LTU,fedprox,78,0.028233792632818222,0.02308274433016777,1.2917548432944843,0.029620859293290867,0.022854321428262596,1.373016946174649,1.0382241379310346
LTU,fedprox,79,0.02816077321767807,0.022949352860450745,1.2955396251342548,0.029620859293290867,0.022854321428262596,1.373016946174649,1.0382241379310346
LTU,fedprox,80,0.028449771925807,0.023457825183868408,1.3106941934834035,0.029620859293290867,0.022854321428262596,1.373016946174649,1.0382241379310346
LTU,fedprox,81,0.028165029361844063,0.02314920723438263,1.293404055671055,0.029620859293290867,0.022854321428262596,1.373016946174649,1.0382241379310346
LTU,fedprox,82,0.0283622108399868,0.023135028779506683,1.299268319099279,0.029620859293290867,0.022854321428262596,1.373016946174649,1.0382241379310346
LTU,fedprox,83,0.02817777916789055,0.02300998382270336,1.2944526452932628,0.029620859293290867,0.022854321428262596,1.373016946174649,1.0382241379310346
LTU,fedprox,84,0.02804204635322094,0.022722924128174782,1.285287007275303,0.029620859293290867,0.022854321428262596,1.373016946174649,1.0382241379310346
LTU,fedprox,85,0.0280341524630785,0.02267753705382347,1.285625966919676,0.029620859293290867,0.022854321428262596,1.373016946174649,1.0382241379310346
LTU,fedprox,86,0.027988700196146965,0.02298085391521454,1.283565546159087,0.029620859293290867,0.022854321428262596,1.373016946174649,1.0382241379310346
LTU,fedprox,87,0.028135372325778008,0.0228413138538599,1.2877647865759074,0.029620859293290867,0.022854321428262596,1.373016946174649,1.0382241379310346
LTU,fedprox,88,0.028029557317495346,0.02312644198536873,1.2844667303962811,0.029620859293290867,0.022854321428262596,1.373016946174649,1.0382241379310346
LTU,fedprox,89,0.027906101197004318,0.022737083956599236,1.2758660196332146,0.029620859293290867,0.022854321428262596,1.373016946174649,1.0382241379310346
LTU,fedprox,90,0.02793913148343563,0.02259420044720173,1.2809326535704668,0.029620859293290867,0.022854321428262596,1.373016946174649,1.0382241379310346
LTU,fedprox,91,0.02799813076853752,0.022993844002485275,1.2834264556424508,0.029620859293290867,0.022854321428262596,1.373016946174649,1.0382241379310346
LTU,fedprox,92,0.02774592489004135,0.022642716765403748,1.2707569983958806,0.029620859293290867,0.022854321428262596,1.373016946174649,1.0382241379310346
LTU,fedprox,93,0.027975384145975113,0.02274456061422825,1.2794228887715564,0.029620859293290867,0.022854321428262596,1.373016946174649,1.0382241379310346
LTU,fedprox,94,0.027882277965545654,0.022674664855003357,1.2803859601121477,0.029620859293290867,0.022854321428262596,1.373016946174649,1.0382241379310346
LTU,fedprox,95,0.028102869167923927,0.022666864097118378,1.283513391610084,0.029620859293290867,0.022854321428262596,1.373016946174649,1.0382241379310346
LTU,fedprox,96,0.028002217411994934,0.02277764305472374,1.2806159925931238,0.029620859293290867,0.022854321428262596,1.373016946174649,1.0382241379310346
LTU,fedprox,97,0.02793794870376587,0.02263585850596428,1.2761544262279947,0.029620859293290867,0.022854321428262596,1.373016946174649,1.0382241379310346
LTU,fedprox,98,0.028076250106096268,0.02259836159646511,1.285881139876587,0.029620859293290867,0.022854321428262596,1.373016946174649,1.0382241379310346
LTU,fedprox,99,0.02794070355594158,0.022572355344891548,1.2774174894942898,0.029620859293290867,0.022854321428262596,1.373016946174649,1.0382241379310346
LTU,fedprox,100,0.02802688628435135,0.02293655462563038,1.2812864900590175,0.029620859293290867,0.022854321428262596,1.373016946174649,1.0382241379310346
LVA-EST,fedprox,1,0.16110368072986603,0.105913445353508,10.018164892366839,0.028252420844315417,0.02192374882265033,1.3316002946934136,1.011
LVA-EST,fedprox,2,0.11047977209091187,0.07522545754909515,6.437736133033262,0.028252420844315417,0.02192374882265033,1.3316002946934136,1.011
LVA-EST,fedprox,3,0.07025377452373505,0.05316786840558052,3.744985446584634,0.028252420844315417,0.02192374882265033,1.3316002946934136,1.011
LVA-EST,fedprox,4,0.055276140570640564,0.04286710545420647,2.6927036096679164,0.028252420844315417,0.02192374882265033,1.3316002946934136,1.011
LVA-EST,fedprox,5,0.04711701348423958,0.0371326319873333,2.3324753537890697,0.028252420844315417,0.02192374882265033,1.3316002946934136,1.011
LVA-EST,fedprox,6,0.04100145399570465,0.03183949366211891,2.0013777344798878,0.028252420844315417,0.02192374882265033,1.3316002946934136,1.011
LVA-EST,fedprox,7,0.03495803102850914,0.02665761485695839,1.708569677702583,0.028252420844315417,0.02192374882265033,1.3316002946934136,1.011
LVA-EST,fedprox,8,0.03154769167304039,0.02352079190313816,1.520012838333485,0.028252420844315417,0.02192374882265033,1.3316002946934136,1.011
LVA-EST,fedprox,9,0.029869886115193367,0.02272283285856247,1.4266943175221047,0.028252420844315417,0.02192374882265033,1.3316002946934136,1.011
LVA-EST,fedprox,10,0.029211021959781647,0.022528421133756638,1.39028145856152,0.028252420844315417,0.02192374882265033,1.3316002946934136,1.011
LVA-EST,fedprox,11,0.02873881906270981,0.022564660757780075,1.3651219210832684,0.028252420844315417,0.02192374882265033,1.3316002946934136,1.011
LVA-EST,fedprox,12,0.028430569916963577,0.022498151287436485,1.347742707497572,0.028252420844315417,0.02192374882265033,1.3316002946934136,1.011
LVA-EST,fedprox,13,0.028397541493177414,0.022600531578063965,1.344960795304085,0.028252420844315417,0.02192374882265033,1.3316002946934136,1.011
LVA-EST,fedprox,14,0.02835598774254322,0.022722380235791206,1.3445379941049522,0.028252420844315417,0.02192374882265033,1.3316002946934136,1.011
LVA-EST,fedprox,15,0.028321869671344757,0.02269214391708374,1.3390211862405448,0.028252420844315417,0.02192374882265033,1.3316002946934136,1.011
LVA-EST,fedprox,16,0.02835402637720108,0.022815721109509468,1.341510024372807,0.028252420844315417,0.02192374882265033,1.3316002946934136,1.011
LVA-EST,fedprox,17,0.028248755261301994,0.022659070789813995,1.3362059588070945,0.028252420844315417,0.02192374882265033,1.3316002946934136,1.011
LVA-EST,fedprox,18,0.028208449482917786,0.022631091997027397,1.3354178413617621,0.028252420844315417,0.02192374882265033,1.3316002946934136,1.011
LVA-EST,fedprox,19,0.028253894299268723,0.02262278087437153,1.3371060655088323,0.028252420844315417,0.02192374882265033,1.3316002946934136,1.011
LVA-EST,fedprox,20,0.02840375527739525,0.02281256578862667,1.3436103834493103,0.028252420844315417,0.02192374882265033,1.3316002946934136,1.011
LVA-EST,fedprox,21,0.02828839421272278,0.02267950400710106,1.3376615174571869,0.028252420844315417,0.02192374882265033,1.3316002946934136,1.011
LVA-EST,fedprox,22,0.028275366872549057,0.02267409674823284,1.34047362838541,0.028252420844315417,0.02192374882265033,1.3316002946934136,1.011
LVA-EST,fedprox,23,0.028272291645407677,0.022637784481048584,1.337401208717872,0.028252420844315417,0.02192374882265033,1.3316002946934136,1.011
LVA-EST,fedprox,24,0.02817760407924652,0.02252373658120632,1.3356683833853433,0.028252420844315417,0.02192374882265033,1.3316002946934136,1.011
LVA-EST,fedprox,25,0.028247298672795296,0.022571012377738953,1.3355045715887048,0.028252420844315417,0.02192374882265033,1.3316002946934136,1.011
LVA-EST,fedprox,26,0.028220901265740395,0.022605380043387413,1.3344477268183814,0.028252420844315417,0.02192374882265033,1.3316002946934136,1.011
LVA-EST,fedprox,27,0.028181511908769608,0.022567370906472206,1.3326125765769157,0.028252420844315417,0.02192374882265033,1.3316002946934136,1.011
LVA-EST,fedprox,28,0.028180258348584175,0.02260698564350605,1.3329264701457633,0.028252420844315417,0.02192374882265033,1.3316002946934136,1.011
LVA-EST,fedprox,29,0.02823515050113201,0.02260669693350792,1.3338459575917436,0.028252420844315417,0.02192374882265033,1.3316002946934136,1.011
LVA-EST,fedprox,30,0.02819317765533924,0.0225587859749794,1.3324546117972502,0.028252420844315417,0.02192374882265033,1.3316002946934136,1.011
LVA-EST,fedprox,31,0.028202511370182037,0.022542834281921387,1.3326535580817909,0.028252420844315417,0.02192374882265033,1.3316002946934136,1.011
LVA-EST,fedprox,32,0.02829030714929104,0.02259180322289467,1.3383622664682624,0.028252420844315417,0.02192374882265033,1.3316002946934136,1.011
LVA-EST,fedprox,33,0.028284475207328796,0.02260161191225052,1.3359308330792878,0.028252420844315417,0.02192374882265033,1.3316002946934136,1.011
LVA-EST,fedprox,34,0.028310397639870644,0.02260531298816204,1.3384557972476954,0.028252420844315417,0.02192374882265033,1.3316002946934136,1.011
LVA-EST,fedprox,35,0.028361503034830093,0.02263231948018074,1.3397910767501457,0.028252420844315417,0.02192374882265033,1.3316002946934136,1.011
LVA-EST,fedprox,36,0.02824493870139122,0.022483620792627335,1.334946693844211,0.028252420844315417,0.02192374882265033,1.3316002946934136,1.011
LVA-EST,fedprox,37,0.02832617610692978,0.022620975971221924,1.3415974143560319,0.028252420844315417,0.02192374882265033,1.3316002946934136,1.011
LVA-EST,fedprox,38,0.02832009270787239,0.022565996274352074,1.3402669567573793,0.028252420844315417,0.02192374882265033,1.3316002946934136,1.011
LVA-EST,fedprox,39,0.02819439023733139,0.022461164742708206,1.333641356360324,0.028252420844315417,0.02192374882265033,1.3316002946934136,1.011
LVA-EST,fedprox,40,0.02826373279094696,0.022556623443961143,1.3372443793444369,0.028252420844315417,0.02192374882265033,1.3316002946934136,1.011
LVA-EST,fedprox,41,0.028180399909615517,0.022434359416365623,1.333811123517875,0.028252420844315417,0.02192374882265033,1.3316002946934136,1.011
LVA-EST,fedprox,42,0.028187505900859833,0.022409513592720032,1.3314570382271547,0.028252420844315417,0.02192374882265033,1.3316002946934136,1.011
LVA-EST,fedprox,43,0.02813381515443325,0.02235894836485386,1.3320172641177124,0.028252420844315417,0.02192374882265033,1.3316002946934136,1.011
LVA-EST,fedprox,44,0.02836710400879383,0.022532464936375618,1.3395646799394665,0.028252420844315417,0.02192374882265033,1.3316002946934136,1.011
LVA-EST,fedprox,45,0.028249314054846764,0.022430704906582832,1.335828695029699,0.028252420844315417,0.02192374882265033,1.3316002946934136,1.011
LVA-EST,fedprox,46,0.02834450826048851,0.02254451997578144,1.3372418408208697,0.028252420844315417,0.02192374882265033,1.3316002946934136,1.011
LVA-EST,fedprox,47,0.02833176590502262,0.02261132188141346,1.3368084454606521,0.028252420844315417,0.02192374882265033,1.3316002946934136,1.011
LVA-EST,fedprox,48,0.028147539123892784,0.022427652031183243,1.3264758726678754,0.028252420844315417,0.02192374882265033,1.3316002946934136,1.011
LVA-EST,fedprox,49,0.028179073706269264,0.022412467747926712,1.3267174138808155,0.028252420844315417,0.02192374882265033,1.3316002946934136,1.011
LVA-EST,fedprox,50,0.028344368562102318,0.022502601146697998,1.333838000640185,0.028252420844315417,0.02192374882265033,1.3316002946934136,1.011
LVA-EST,fedprox,51,0.028127994388341904,0.022398648783564568,1.324459181240242,0.028252420844315417,0.02192374882265033,1.3316002946934136,1.011
LVA-EST,fedprox,52,0.028137343004345894,0.022484954446554184,1.32345633926472,0.028252420844315417,0.02192374882265033,1.3316002946934136,1.011
LVA-EST,fedprox,53,0.028135957196354866,0.022557618096470833,1.3230489663046774,0.028252420844315417,0.02192374882265033,1.3316002946934136,1.011
LVA-EST,fedprox,54,0.028011897578835487,0.0223886389285326,1.316373097729976,0.028252420844315417,0.02192374882265033,1.3316002946934136,1.011
LVA-EST,fedprox,55,0.02788405679166317,0.02226216346025467,1.311224907041881,0.028252420844315417,0.02192374882265033,1.3316002946934136,1.011
LVA-EST,fedprox,56,0.027915779501199722,0.02234346978366375,1.3098041850145332,0.028252420844315417,0.02192374882265033,1.3316002946934136,1.011
LVA-EST,fedprox,57,0.02787574753165245,0.022419650107622147,1.3068074934733667,0.028252420844315417,0.02192374882265033,1.3316002946934136,1.011
LVA-EST,fedprox,58,0.027781303972005844,0.022214235737919807,1.301103812580769,0.028252420844315417,0.02192374882265033,1.3316002946934136,1.011
LVA-EST,fedprox,59,0.027750154957175255,0.02211715653538704,1.2992218394846244,0.028252420844315417,0.02192374882265033,1.3316002946934136,1.011
LVA-EST,fedprox,60,0.02776232920587063,0.022128745913505554,1.3004555357668157,0.028252420844315417,0.02192374882265033,1.3316002946934136,1.011
LVA-EST,fedprox,61,0.027682319283485413,0.02208036184310913,1.29445475433282,0.028252420844315417,0.02192374882265033,1.3316002946934136,1.011
LVA-EST,fedprox,62,0.02777063101530075,0.022113502025604248,1.2972456135057235,0.028252420844315417,0.02192374882265033,1.3316002946934136,1.011
LVA-EST,fedprox,63,0.02768806740641594,0.022013241425156593,1.2970144019791554,0.028252420844315417,0.02192374882265033,1.3316002946934136,1.011
LVA-EST,fedprox,64,0.027669040486216545,0.021980058401823044,1.2931209138623048,0.028252420844315417,0.02192374882265033,1.3316002946934136,1.011
LVA-EST,fedprox,65,0.027723435312509537,0.02215002290904522,1.3003467362470171,0.028252420844315417,0.02192374882265033,1.3316002946934136,1.011
LVA-EST,fedprox,66,0.027601581066846848,0.02195844240486622,1.2899168542161172,0.028252420844315417,0.02192374882265033,1.3316002946934136,1.011
LVA-EST,fedprox,67,0.0277191624045372,0.022015400230884552,1.2957811768506329,0.028252420844315417,0.02192374882265033,1.3316002946934136,1.011
LVA-EST,fedprox,68,0.0276411771774292,0.021883785724639893,1.2917594548719387,0.028252420844315417,0.02192374882265033,1.3316002946934136,1.011
LVA-EST,fedprox,69,0.027706267312169075,0.022054163739085197,1.2949278794491026,0.028252420844315417,0.02192374882265033,1.3316002946934136,1.011
LVA-EST,fedprox,70,0.027717571705579758,0.022036472335457802,1.2940206561109928,0.028252420844315417,0.02192374882265033,1.3316002946934136,1.011
LVA-EST,fedprox,71,0.02759716287255287,0.021983657032251358,1.2897281980278914,0.028252420844315417,0.02192374882265033,1.3316002946934136,1.011
LVA-EST,fedprox,72,0.027564292773604393,0.021955065429210663,1.285446795938839,0.028252420844315417,0.02192374882265033,1.3316002946934136,1.011
LVA-EST,fedprox,73,0.027569640427827835,0.021893305703997612,1.2855922370845947,0.028252420844315417,0.02192374882265033,1.3316002946934136,1.011
LVA-EST,fedprox,74,0.027531864121556282,0.02183864451944828,1.287744006549429,0.028252420844315417,0.02192374882265033,1.3316002946934136,1.011
LVA-EST,fedprox,75,0.02752002328634262,0.021942289546132088,1.2822013333742293,0.028252420844315417,0.02192374882265033,1.3316002946934136,1.011
LVA-EST,fedprox,76,0.027480650693178177,0.021831974387168884,1.28184804677777,0.028252420844315417,0.02192374882265033,1.3316002946934136,1.011
LVA-EST,fedprox,77,0.027558835223317146,0.021886685863137245,1.285306687235832,0.028252420844315417,0.02192374882265033,1.3316002946934136,1.011
LVA-EST,fedprox,78,0.027565984055399895,0.021953444927930832,1.2845807845724329,0.028252420844315417,0.02192374882265033,1.3316002946934136,1.011
LVA-EST,fedprox,79,0.027572622522711754,0.021908346563577652,1.288577449449099,0.028252420844315417,0.02192374882265033,1.3316002946934136,1.011
LVA-EST,fedprox,80,0.027638617902994156,0.022024642676115036,1.2887968954227011,0.028252420844315417,0.02192374882265033,1.3316002946934136,1.011
LVA-EST,fedprox,81,0.027517717331647873,0.021829163655638695,1.2831401425768643,0.028252420844315417,0.02192374882265033,1.3316002946934136,1.011
LVA-EST,fedprox,82,0.027672041207551956,0.022048484534025192,1.288633264506446,0.028252420844315417,0.02192374882265033,1.3316002946934136,1.011
LVA-EST,fedprox,83,0.02775658294558525,0.022128023207187653,1.2942889869588345,0.028252420844315417,0.02192374882265033,1.3316002946934136,1.011
LVA-EST,fedprox,84,0.027669018134474754,0.02196468599140644,1.292143458251376,0.028252420844315417,0.02192374882265033,1.3316002946934136,1.011
LVA-EST,fedprox,85,0.0275269765406847,0.021801158785820007,1.2822813420255073,0.028252420844315417,0.02192374882265033,1.3316002946934136,1.011
LVA-EST,fedprox,86,0.027471881359815598,0.02171071618795395,1.2803276970370554,0.028252420844315417,0.02192374882265033,1.3316002946934136,1.011
LVA-EST,fedprox,87,0.027493946254253387,0.02186991646885872,1.2807196559038412,0.028252420844315417,0.02192374882265033,1.3316002946934136,1.011
LVA-EST,fedprox,88,0.027572499588131905,0.021949749439954758,1.2844629146980964,0.028252420844315417,0.02192374882265033,1.3316002946934136,1.011
LVA-EST,fedprox,89,0.02767271175980568,0.021912870928645134,1.289956375217905,0.028252420844315417,0.02192374882265033,1.3316002946934136,1.011
LVA-EST,fedprox,90,0.027585159987211227,0.021924594417214394,1.2859114033487895,0.028252420844315417,0.02192374882265033,1.3316002946934136,1.011
LVA-EST,fedprox,91,0.027686072513461113,0.022045910358428955,1.2918813387374517,0.028252420844315417,0.02192374882265033,1.3316002946934136,1.011
LVA-EST,fedprox,92,0.02770191803574562,0.02201594039797783,1.2924411051373295,0.028252420844315417,0.02192374882265033,1.3316002946934136,1.011
LVA-EST,fedprox,93,0.027710609138011932,0.022041331976652145,1.2917220443167996,0.028252420844315417,0.02192374882265033,1.3316002946934136,1.011
LVA-EST,fedprox,94,0.02748946286737919,0.021816493943333626,1.283140587910397,0.028252420844315417,0.02192374882265033,1.3316002946934136,1.011
LVA-EST,fedprox,95,0.027499061077833176,0.021852292120456696,1.2826376126168817,0.028252420844315417,0.02192374882265033,1.3316002946934136,1.011
LVA-EST,fedprox,96,0.027600176632404327,0.022011123597621918,1.2845096575188746,0.028252420844315417,0.02192374882265033,1.3316002946934136,1.011
LVA-EST,fedprox,97,0.027370860800147057,0.021687811240553856,1.2736209916104475,0.028252420844315417,0.02192374882265033,1.3316002946934136,1.011
LVA-EST,fedprox,98,0.027518071234226227,0.021853668615221977,1.2814601221377617,0.028252420844315417,0.02192374882265033,1.3316002946934136,1.011
LVA-EST,fedprox,99,0.027538714930415154,0.02189282886683941,1.2816286525453537,0.028252420844315417,0.02192374882265033,1.3316002946934136,1.011
LVA-EST,fedprox,100,0.027542075142264366,0.021908918395638466,1.2820658241590366,0.028252420844315417,0.02192374882265033,1.3316002946934136,1.011
TTF,fedprox,1,0.16177666187286377,0.13280680775642395,5.072182237233703,0.03199440164571892,0.024185610336796105,1.0977720040524601,0.8142881355932202
TTF,fedprox,2,0.13041678071022034,0.10555372387170792,4.094904676476928,0.03199440164571892,0.024185610336796105,1.0977720040524601,0.8142881355932202
TTF,fedprox,3,0.10596978664398193,0.08544925600290298,3.357821965352156,0.03199440164571892,0.024185610336796105,1.0977720040524601,0.8142881355932202
TTF,fedprox,4,0.08789442479610443,0.07329364866018295,2.891313906659761,0.03199440164571892,0.024185610336796105,1.0977720040524601,0.8142881355932202
TTF,fedprox,5,0.0729217603802681,0.06091354414820671,2.4644403056424884,0.03199440164571892,0.024185610336796105,1.0977720040524601,0.8142881355932202
TTF,fedprox,6,0.05932743474841118,0.04793736711144447,2.0451025416232866,0.03199440164571892,0.024185610336796105,1.0977720040524601,0.8142881355932202
TTF,fedprox,7,0.049331340938806534,0.03815329819917679,1.7342292066241507,0.03199440164571892,0.024185610336796105,1.0977720040524601,0.8142881355932202
TTF,fedprox,8,0.04281742870807648,0.03109053708612919,1.515476461617153,0.03199440164571892,0.024185610336796105,1.0977720040524601,0.8142881355932202
TTF,fedprox,9,0.03891294077038765,0.02826463244855404,1.3835401815633654,0.03199440164571892,0.024185610336796105,1.0977720040524601,0.8142881355932202
TTF,fedprox,10,0.03710684925317764,0.027307042852044106,1.3237973995434582,0.03199440164571892,0.024185610336796105,1.0977720040524601,0.8142881355932202
TTF,fedprox,11,0.03573806583881378,0.026612497866153717,1.2644071540253112,0.03199440164571892,0.024185610336796105,1.0977720040524601,0.8142881355932202
TTF,fedprox,12,0.03550408035516739,0.026613444089889526,1.2541945231169307,0.03199440164571892,0.024185610336796105,1.0977720040524601,0.8142881355932202
TTF,fedprox,13,0.03548816964030266,0.026492426171898842,1.250589947985937,0.03199440164571892,0.024185610336796105,1.0977720040524601,0.8142881355932202
TTF,fedprox,14,0.03551722690463066,0.02689029648900032,1.2422241535361607,0.03199440164571892,0.024185610336796105,1.0977720040524601,0.8142881355932202
TTF,fedprox,15,0.03582127392292023,0.026973159983754158,1.251921068991223,0.03199440164571892,0.024185610336796105,1.0977720040524601,0.8142881355932202
TTF,fedprox,16,0.03596208989620209,0.02727734111249447,1.2527268420314337,0.03199440164571892,0.024185610336796105,1.0977720040524601,0.8142881355932202
TTF,fedprox,17,0.03619268536567688,0.02732258290052414,1.2605685018049828,0.03199440164571892,0.024185610336796105,1.0977720040524601,0.8142881355932202
TTF,fedprox,18,0.03606643155217171,0.027239041402935982,1.2512590530588616,0.03199440164571892,0.024185610336796105,1.0977720040524601,0.8142881355932202
TTF,fedprox,19,0.036146026104688644,0.02729319967329502,1.25228313975422,0.03199440164571892,0.024185610336796105,1.0977720040524601,0.8142881355932202
TTF,fedprox,20,0.03666532412171364,0.0278544332832098,1.2731885687820412,0.03199440164571892,0.024185610336796105,1.0977720040524601,0.8142881355932202
TTF,fedprox,21,0.03642560914158821,0.02755412459373474,1.2615502895468311,0.03199440164571892,0.024185610336796105,1.0977720040524601,0.8142881355932202
TTF,fedprox,22,0.0365748405456543,0.02764870971441269,1.2679286718769782,0.03199440164571892,0.024185610336796105,1.0977720040524601,0.8142881355932202
TTF,fedprox,23,0.03676503896713257,0.027864661067724228,1.274992751103115,0.03199440164571892,0.024185610336796105,1.0977720040524601,0.8142881355932202
TTF,fedprox,24,0.03644239529967308,0.027417058125138283,1.2618646770704955,0.03199440164571892,0.024185610336796105,1.0977720040524601,0.8142881355932202
TTF,fedprox,25,0.03666391223669052,0.027730567380785942,1.2694417516178693,0.03199440164571892,0.024185610336796105,1.0977720040524601,0.8142881355932202
TTF,fedprox,26,0.03658806532621384,0.027769524604082108,1.2675466040376657,0.03199440164571892,0.024185610336796105,1.0977720040524601,0.8142881355932202
TTF,fedprox,27,0.03669233247637749,0.027669845148921013,1.2729935930374832,0.03199440164571892,0.024185610336796105,1.0977720040524601,0.8142881355932202
TTF,fedprox,28,0.03686358779668808,0.027774590998888016,1.2778533222510018,0.03199440164571892,0.024185610336796105,1.0977720040524601,0.8142881355932202
TTF,fedprox,29,0.03687003627419472,0.02806866355240345,1.2746721367847054,0.03199440164571892,0.024185610336796105,1.0977720040524601,0.8142881355932202
TTF,fedprox,30,0.03668326511979103,0.027927499264478683,1.263898431507799,0.03199440164571892,0.024185610336796105,1.0977720040524601,0.8142881355932202
TTF,fedprox,31,0.036758534610271454,0.027799729257822037,1.270642521933632,0.03199440164571892,0.024185610336796105,1.0977720040524601,0.8142881355932202
TTF,fedprox,32,0.037138812243938446,0.02822316437959671,1.28593356663314,0.03199440164571892,0.024185610336796105,1.0977720040524601,0.8142881355932202
TTF,fedprox,33,0.037022173404693604,0.028102703392505646,1.2797506853306686,0.03199440164571892,0.024185610336796105,1.0977720040524601,0.8142881355932202
TTF,fedprox,34,0.037082698196172714,0.027987167239189148,1.2842418936284594,0.03199440164571892,0.024185610336796105,1.0977720040524601,0.8142881355932202
TTF,fedprox,35,0.03724735602736473,0.028351979330182076,1.2900114854880473,0.03199440164571892,0.024185610336796105,1.0977720040524601,0.8142881355932202
TTF,fedprox,36,0.036877937614917755,0.0280721727758646,1.2721436966950515,0.03199440164571892,0.024185610336796105,1.0977720040524601,0.8142881355932202
TTF,fedprox,37,0.037061907351017,0.028145190328359604,1.2813464684686975,0.03199440164571892,0.024185610336796105,1.0977720040524601,0.8142881355932202
TTF,fedprox,38,0.03694012761116028,0.02798820100724697,1.2803012763984523,0.03199440164571892,0.024185610336796105,1.0977720040524601,0.8142881355932202
TTF,fedprox,39,0.03709375485777855,0.028092384338378906,1.2840955248011738,0.03199440164571892,0.024185610336796105,1.0977720040524601,0.8142881355932202
TTF,fedprox,40,0.03661423549056053,0.02776607684791088,1.2645630944023372,0.03199440164571892,0.024185610336796105,1.0977720040524601,0.8142881355932202
TTF,fedprox,41,0.037201229482889175,0.028432462364435196,1.2868743933635947,0.03199440164571892,0.024185610336796105,1.0977720040524601,0.8142881355932202
TTF,fedprox,42,0.03714095056056976,0.028200939297676086,1.2859520828612916,0.03199440164571892,0.024185610336796105,1.0977720040524601,0.8142881355932202
TTF,fedprox,43,0.037239525467157364,0.02833523042500019,1.2881318205896688,0.03199440164571892,0.024185610336796105,1.0977720040524601,0.8142881355932202
