date,price,hub
2020-11-02,5.165999889373779,NBP
2020-11-03,5.13700008392334,NBP
2020-11-04,5.171999931335449,NBP
2020-11-05,5.426000118255615,NBP
2020-11-06,5.256999969482422,NBP
2020-11-09,5.223999977111816,NBP
2020-11-10,5.23799991607666,NBP
2020-11-11,5.254000186920166,NBP
2020-11-12,5.210000038146973,NBP
2020-11-13,5.302000045776367,NBP
2020-11-16,5.429999828338623,NBP
2020-11-17,5.2230000495910645,NBP
2020-11-18,5.110000133514404,NBP
2020-11-19,4.873000144958496,NBP
2020-11-20,4.811999797821045,NBP
2020-11-23,5.048999786376953,NBP
2020-11-24,5.215000152587891,NBP
2020-11-25,5.2829999923706055,NBP
2020-11-27,5.639999866485596,NBP
2020-11-30,5.833000183105469,NBP
2020-12-01,5.783999919891357,NBP
2020-12-02,5.816999912261963,NBP
2020-12-03,5.565000057220459,NBP
2020-12-04,5.739999771118164,NBP
2020-12-07,5.611000061035156,NBP
2020-12-08,5.640999794006348,NBP
2020-12-09,5.675000190734863,NBP
2020-12-10,6.0,NBP
2020-12-11,6.130000114440918,NBP
2020-12-14,6.419000148773193,NBP
2020-12-15,6.640999794006348,NBP
2020-12-16,6.376999855041504,NBP
2020-12-17,6.210999965667725,NBP
2020-12-18,6.203000068664551,NBP
2020-12-21,6.544000148773193,NBP
2020-12-22,6.882999897003174,NBP
2020-12-23,6.889999866485596,NBP
2020-12-24,6.918000221252441,NBP
2020-12-28,6.867000102996826,NBP
2020-12-29,7.491000175476074,NBP
2020-12-30,7.605999946594238,NBP
2020-12-31,7.710000038146973,NBP
2021-01-04,8.074000358581543,NBP
2021-01-05,7.34600019454956,NBP
2021-01-06,7.176000118255615,NBP
2021-01-07,7.86899995803833,NBP
2021-01-08,8.25100040435791,NBP
2021-01-11,8.949000358581543,NBP
2021-01-12,10.54800033569336,NBP
2021-01-13,8.887999534606934,NBP
2021-01-14,8.640000343322754,NBP
2021-01-15,8.062000274658203,NBP
2021-01-19,7.868000030517578,NBP
2021-01-20,7.831999778747559,NBP
2021-01-21,7.765999794006348,NBP
2021-01-22,8.223999977111816,NBP
2021-01-25,7.73199987411499,NBP
2021-01-26,7.435999870300293,NBP
2021-01-27,7.413000106811523,NBP
2021-01-28,7.557000160217285,NBP
2021-01-29,7.300000190734863,NBP
2021-02-01,6.5920000076293945,NBP
2021-02-02,6.630000114440918,NBP
2021-02-03,6.447000026702881,NBP
2021-02-04,6.507999897003174,NBP
2021-02-05,6.613999843597412,NBP
2021-02-08,7.301000118255615,NBP
2021-02-09,6.861999988555908,NBP
2021-02-10,6.632999897003174,NBP
2021-02-11,6.140999794006348,NBP
2021-02-12,6.210999965667725,NBP
2021-02-16,5.919000148773193,NBP
2021-02-17,5.793000221252441,NBP
2021-02-18,6.14300012588501,NBP
2021-02-19,5.900000095367432,NBP
2021-02-22,5.625,NBP
2021-02-23,5.736999988555908,NBP
2021-02-24,5.807000160217285,NBP
2021-02-25,5.604000091552734,NBP
2021-02-26,5.563000202178955,NBP
2021-03-01,5.704999923706055,NBP
2021-03-02,5.6539998054504395,NBP
2021-03-03,5.425000190734863,NBP
2021-03-04,5.572999954223633,NBP
2021-03-05,5.702000141143799,NBP
2021-03-08,5.581999778747559,NBP
2021-03-09,5.945000171661377,NBP
2021-03-10,6.243000030517578,NBP
2021-03-11,6.507999897003174,NBP
2021-03-12,6.60099983215332,NBP
2021-03-15,6.290999889373779,NBP
2021-03-16,6.11899995803833,NBP
2021-03-17,6.269000053405762,NBP
2021-03-18,6.198999881744385,NBP
2021-03-19,5.9720001220703125,NBP
2021-03-22,6.328000068664551,NBP
2021-03-23,6.439000129699707,NBP
2021-03-24,6.511000156402588,NBP
2021-03-25,6.48199987411499,NBP
2021-03-26,6.677000045776367,NBP
2021-03-29,6.4730000495910645,NBP
2021-03-30,6.301000118255615,NBP
2021-03-31,6.458000183105469,NBP
2021-04-01,6.526000022888184,NBP
2021-04-05,6.559999942779541,NBP
2021-04-06,6.785999774932861,NBP
2021-04-07,6.61299991607666,NBP
2021-04-08,6.482999801635742,NBP
2021-04-09,6.434999942779541,NBP
2021-04-12,6.755000114440918,NBP
2021-04-13,6.672999858856201,NBP
2021-04-14,6.736000061035156,NBP
2021-04-15,6.951000213623047,NBP
2021-04-16,7.070000171661377,NBP
2021-04-19,7.339000225067139,NBP
2021-04-20,7.36899995803833,NBP
2021-04-21,7.357999801635742,NBP
2021-04-22,7.458000183105469,NBP
2021-04-23,7.019999980926514,NBP
2021-04-26,7.176000118255615,NBP
2021-04-27,7.625999927520752,NBP
2021-04-28,7.645999908447266,NBP
2021-04-29,8.157999992370605,NBP
2021-04-30,8.340999603271484,NBP
2021-05-03,8.390999794006348,NBP
2021-05-04,8.270999908447266,NBP
2021-05-05,8.583000183105469,NBP
2021-05-06,8.647000312805176,NBP
2021-05-07,8.559000015258789,NBP
2021-05-10,9.055999755859377,NBP
2021-05-11,9.282999992370604,NBP
2021-05-12,9.411999702453612,NBP
2021-05-13,9.39799976348877,NBP
2021-05-14,9.68000030517578,NBP
2021-05-17,9.491999626159668,NBP
2021-05-18,8.980999946594238,NBP
2021-05-19,8.166999816894531,NBP
2021-05-20,8.847999572753906,NBP
2021-05-21,8.88599967956543,NBP
2021-05-24,8.833999633789062,NBP
2021-05-25,9.347999572753906,NBP
2021-05-26,9.371999740600586,NBP
2021-05-27,8.732999801635742,NBP
2021-05-28,8.604000091552734,NBP
2021-06-01,9.038999557495115,NBP
2021-06-02,8.871999740600586,NBP
2021-06-03,8.845000267028809,NBP
2021-06-04,8.88700008392334,NBP
2021-06-07,9.131999969482422,NBP
2021-06-08,9.585000038146973,NBP
2021-06-09,9.788000106811523,NBP
2021-06-10,9.9399995803833,NBP
2021-06-11,9.548999786376951,NBP
2021-06-14,9.916000366210938,NBP
2021-06-15,9.70199966430664,NBP
2021-06-16,9.64900016784668,NBP
2021-06-17,9.611000061035156,NBP
2021-06-18,9.918999671936035,NBP
2021-06-21,10.086999893188477,NBP
2021-06-22,10.430999755859377,NBP
2021-06-23,10.741000175476074,NBP
2021-06-24,10.95300006866455,NBP
2021-06-25,11.116999626159668,NBP
2021-06-28,11.057000160217283,NBP
2021-06-29,11.407999992370604,NBP
2021-06-30,11.864999771118164,NBP
2021-07-01,12.345000267028809,NBP
2021-07-02,12.260000228881836,NBP
2021-07-06,11.536999702453612,NBP
2021-07-07,10.916000366210938,NBP
2021-07-08,11.307000160217283,NBP
2021-07-09,12.454999923706056,NBP
2021-07-12,11.772000312805176,NBP
2021-07-13,12.059000015258787,NBP
2021-07-14,11.82900047302246,NBP
2021-07-15,11.526000022888184,NBP
2021-07-16,11.788999557495115,NBP
2021-07-19,12.083000183105469,NBP
2021-07-20,11.932000160217283,NBP
2021-07-21,12.26200008392334,NBP
2021-07-22,12.338000297546388,NBP
2021-07-23,12.161999702453612,NBP
2021-07-26,12.855999946594238,NBP
2021-07-27,13.302000045776367,NBP
2021-07-28,13.989999771118164,NBP
2021-07-29,14.67300033569336,NBP
2021-07-30,14.43000030517578,NBP
2021-08-02,14.925999641418455,NBP
2021-08-03,14.534000396728516,NBP
2021-08-04,14.873000144958496,NBP
2021-08-05,15.12600040435791,NBP
2021-08-06,14.982000350952148,NBP
2021-08-09,14.857999801635742,NBP
2021-08-10,15.446999549865724,NBP
2021-08-11,15.87399959564209,NBP
2021-08-12,15.737000465393066,NBP
2021-08-13,15.36299991607666,NBP
2021-08-16,16.500999450683594,NBP
2021-08-17,16.025999069213867,NBP
2021-08-18,15.354999542236328,NBP
2021-08-19,13.625,NBP
2021-08-20,14.26200008392334,NBP
2021-08-23,14.159000396728516,NBP
2021-08-24,15.281999588012695,NBP
2021-08-25,15.562000274658203,NBP
2021-08-26,15.78600025177002,NBP
2021-08-27,15.720999717712402,NBP
2021-08-30,16.871000289916992,NBP
2021-08-31,17.577999114990234,NBP
2021-09-01,17.61400032043457,NBP
2021-09-02,18.261999130249023,NBP
2021-09-03,18.093000411987305,NBP
2021-09-07,18.81100082397461,NBP
2021-09-08,19.187999725341797,NBP
2021-09-09,19.68199920654297,NBP
2021-09-10,20.163999557495117,NBP
2021-09-13,21.22800064086914,NBP
2021-09-14,22.85099983215332,NBP
2021-09-15,24.52199935913086,NBP
2021-09-16,21.80699920654297,NBP
2021-09-17,22.38599967956543,NBP
2021-09-20,25.92200088500977,NBP
2021-09-21,25.393999099731445,NBP
2021-09-22,24.711999893188477,NBP
2021-09-23,23.98200035095215,NBP
2021-09-24,24.058000564575195,NBP
2021-09-27,26.097000122070312,NBP
2021-09-28,26.44700050354004,NBP
2021-09-29,30.40999984741211,NBP
2021-09-30,33.87300109863281,NBP
2021-10-01,32.66400146484375,NBP
2021-10-04,33.44900131225586,NBP
2021-10-05,40.040000915527344,NBP
2021-10-06,37.10100173950195,NBP
2021-10-07,33.446998596191406,NBP
2021-10-08,30.305999755859375,NBP
2021-10-11,29.513999938964844,NBP
2021-10-12,29.534000396728516,NBP
2021-10-13,32.13999938964844,NBP
2021-10-14,35.24700164794922,NBP
2021-10-15,32.26900100708008,NBP
2021-10-18,32.55500030517578,NBP
2021-10-19,31.17799949645996,NBP
2021-10-20,32.29899978637695,NBP
2021-10-21,30.597000122070312,NBP
2021-10-22,30.18899917602539,NBP
2021-10-25,30.73699951171875,NBP
2021-10-26,30.559999465942383,NBP
2021-10-27,29.975000381469727,NBP
2021-10-28,27.229000091552734,NBP
2021-10-29,22.757999420166016,NBP
2021-11-01,22.91900062561035,NBP
2021-11-02,23.61599922180176,NBP
2021-11-03,26.878999710083008,NBP
2021-11-04,25.60199928283691,NBP
2021-11-05,25.78499984741211,NBP
2021-11-08,27.524999618530273,NBP
2021-11-09,25.371999740600582,NBP
2021-11-10,24.256000518798828,NBP
2021-11-11,25.89299964904785,NBP
2021-11-12,25.996999740600582,NBP
2021-11-15,27.51099967956543,NBP
2021-11-16,32.20600128173828,NBP
2021-11-17,32.18899917602539,NBP
2021-11-18,32.321998596191406,NBP
2021-11-19,29.545000076293945,NBP
2021-11-22,28.30500030517578,NBP
2021-11-23,30.621999740600582,NBP
2021-11-24,31.37700080871582,NBP
2021-11-26,29.618000030517575,NBP
2021-11-29,31.996999740600582,NBP
2021-11-30,31.54800033569336,NBP
2021-12-01,32.59299850463867,NBP
2021-12-02,32.23099899291992,NBP
2021-12-03,30.274999618530273,NBP
2021-12-06,30.47100067138672,NBP
2021-12-07,32.3129997253418,NBP
2021-12-08,34.426998138427734,NBP
2021-12-09,33.84299850463867,NBP
2021-12-10,35.573001861572266,NBP
2021-12-13,38.98699951171875,NBP
2021-12-14,42.82400131225586,NBP
2021-12-15,44.30899810791016,NBP
2021-12-16,47.946998596191406,NBP
2021-12-17,45.76300048828125,NBP
2021-12-20,49.15999984741211,NBP
2021-12-21,59.777000427246094,NBP
2021-12-22,57.71200180053711,NBP
2021-12-23,43.65800094604492,NBP
2021-12-27,35.933998107910156,NBP
2021-12-28,35.96200180053711,NBP
2021-12-29,31.447999954223633,NBP
2021-12-30,29.249000549316406,NBP
2021-12-31,23.104999542236328,NBP
2022-01-03,22.947999954223633,NBP
2022-01-04,29.34000015258789,NBP
2022-01-05,30.30699920654297,NBP
2022-01-06,31.80299949645996,NBP
2022-01-07,29.17300033569336,NBP
2022-01-10,27.920000076293945,NBP
2022-01-11,25.881999969482425,NBP
2022-01-12,24.631000518798828,NBP
2022-01-13,28.14699935913086,NBP
2022-01-14,28.472999572753903,NBP
2022-01-18,25.46500015258789,NBP
2022-01-19,24.628000259399418,NBP
2022-01-20,24.457000732421875,NBP
2022-01-21,25.659000396728516,NBP
2022-01-24,30.253999710083008,NBP
2022-01-25,30.381999969482425,NBP
2022-01-26,29.604999542236328,NBP
2022-01-27,29.454999923706055,NBP
2022-01-28,29.475000381469727,NBP
2022-01-31,29.475000381469727,NBP
2022-02-01,24.413999557495117,NBP
2022-02-02,24.937999725341797,NBP
2022-02-03,26.22599983215332,NBP
2022-02-04,27.118999481201172,NBP
2022-02-07,26.22100067138672,NBP
2022-02-08,25.20199966430664,NBP
2022-02-09,24.31100082397461,NBP
2022-02-10,24.250999450683594,NBP
2022-02-11,25.275999069213867,NBP
2022-02-14,26.07900047302246,NBP
2022-02-15,23.10199928283691,NBP
2022-02-16,22.656999588012695,NBP
2022-02-17,24.46500015258789,NBP
2022-02-18,23.96699905395508,NBP
2022-02-22,25.95800018310547,NBP
2022-02-23,28.92200088500977,NBP
2022-02-24,42.737998962402344,NBP
2022-02-25,30.125999450683594,NBP
2022-02-28,31.916000366210938,NBP
2022-03-01,38.72100067138672,NBP
2022-03-02,52.45500183105469,NBP
2022-03-03,51.22999954223633,NBP
2022-03-04,60.84400177001953,NBP
2022-03-07,70.85800170898438,NBP
2022-03-08,67.03299713134766,NBP
2022-03-09,49.13199996948242,NBP
2022-03-10,38.9739990234375,NBP
2022-03-11,40.696998596191406,NBP
2022-03-14,35.38600158691406,NBP
2022-03-15,35.856998443603516,NBP
2022-03-16,31.551000595092773,NBP
2022-03-17,32.770999908447266,NBP
2022-03-18,32.34299850463867,NBP
2022-03-21,29.73500061035156,NBP
2022-03-22,30.948999404907227,NBP
2022-03-23,36.61899948120117,NBP
2022-03-24,34.93899917602539,NBP
2022-03-25,31.24099922180176,NBP
2022-03-28,32.15399932861328,NBP
2022-03-29,34.599998474121094,NBP
2022-03-30,37.742000579833984,NBP
2022-03-31,39.40399932861328,NBP
2022-04-01,33.71799850463867,NBP
2022-04-04,32.0,NBP
2022-04-05,31.79800033569336,NBP
2022-04-06,31.33099937438965,NBP
2022-04-07,30.503999710083008,NBP
2022-04-08,29.724000930786133,NBP
2022-04-11,27.77400016784668,NBP
2022-04-12,27.520000457763672,NBP
2022-04-13,27.777999877929688,NBP
2022-04-14,23.12299919128418,NBP
2022-04-18,23.06999969482422,NBP
2022-04-19,22.51300048828125,NBP
2022-04-20,23.204999923706055,NBP
2022-04-21,24.61000061035156,NBP
2022-04-22,22.007999420166016,NBP
2022-04-25,19.503000259399418,NBP
2022-04-26,20.63800048828125,NBP
2022-04-27,18.714000701904297,NBP
2022-04-28,19.89299964904785,NBP
2022-04-29,20.55500030517578,NBP
2022-05-02,20.493000030517575,NBP
2022-05-03,19.54400062561035,NBP
2022-05-04,19.90399932861328,NBP
2022-05-05,20.570999145507812,NBP
2022-05-06,16.985000610351562,NBP
2022-05-09,15.843000411987305,NBP
2022-05-10,17.951000213623047,NBP
2022-05-11,17.246000289916992,NBP
2022-05-12,21.465999603271484,NBP
2022-05-13,18.143999099731445,NBP
2022-05-16,21.107999801635746,NBP
2022-05-17,23.10099983215332,NBP
2022-05-18,22.586999893188477,NBP
2022-05-19,21.07200050354004,NBP
2022-05-20,18.44499969482422,NBP
2022-05-23,16.969999313354492,NBP
2022-05-24,17.1200008392334,NBP
2022-05-25,18.679000854492188,NBP
2022-05-26,18.165000915527344,NBP
2022-05-27,21.655000686645508,NBP
2022-05-31,23.166000366210938,NBP
2022-06-01,19.979999542236328,NBP
2022-06-02,20.052000045776367,NBP
2022-06-03,20.01799964904785,NBP
2022-06-06,18.926000595092773,NBP
2022-06-07,17.152000427246094,NBP
2022-06-08,16.30900001525879,NBP
2022-06-09,18.891000747680664,NBP
2022-06-10,18.054000854492188,NBP
2022-06-13,18.6560001373291,NBP
2022-06-14,23.61000061035156,NBP
2022-06-15,31.1200008392334,NBP
2022-06-16,28.69099998474121,NBP
2022-06-17,24.59199905395508,NBP
2022-06-21,25.29700088500977,NBP
2022-06-22,22.611000061035156,NBP
2022-06-23,22.93899917602539,NBP
2022-06-24,20.871000289916992,NBP
2022-06-27,21.160999298095703,NBP
2022-06-28,20.350000381469727,NBP
2022-06-29,29.711999893188477,NBP
2022-06-30,30.18199920654297,NBP
2022-07-01,28.95599937438965,NBP
2022-07-05,34.638999938964844,NBP
2022-07-06,32.957000732421875,NBP
2022-07-07,35.819000244140625,NBP
2022-07-08,30.756000518798828,NBP
2022-07-11,26.43899917602539,NBP
2022-07-12,29.03700065612793,NBP
2022-07-13,32.25299835205078,NBP
2022-07-14,27.93600082397461,NBP
2022-07-15,23.756000518798828,NBP
2022-07-18,23.31100082397461,NBP
2022-07-19,26.07200050354004,NBP
2022-07-20,32.21500015258789,NBP
2022-07-21,35.4109992980957,NBP
2022-07-22,37.617000579833984,NBP
2022-07-25,38.6349983215332,NBP
2022-07-26,42.4739990234375,NBP
2022-07-27,44.75199890136719,NBP
2022-07-28,45.40700149536133,NBP
2022-07-29,42.88800048828125,NBP
2022-08-01,42.944000244140625,NBP
2022-08-02,44.23099899291992,NBP
2022-08-03,44.88600158691406,NBP
2022-08-04,45.96699905395508,NBP
2022-08-05,45.10200119018555,NBP
2022-08-08,43.084999084472656,NBP
2022-08-09,43.22100067138672,NBP
2022-08-10,47.85300064086914,NBP
2022-08-11,49.12900161743164,NBP
2022-08-12,48.00400161743164,NBP
2022-08-15,51.108001708984375,NBP
2022-08-16,53.54600143432617,NBP
2022-08-17,53.027000427246094,NBP
2022-08-18,54.76399993896485,NBP
2022-08-19,54.43399810791016,NBP
2022-08-22,62.097999572753906,NBP
2022-08-23,58.617000579833984,NBP
2022-08-24,64.6729965209961,NBP
2022-08-25,69.87200164794922,NBP
2022-08-26,75.51599884033203,NBP
2022-08-29,74.927001953125,NBP
2022-08-30,61.07899856567383,NBP
2022-08-31,53.446998596191406,NBP
2022-09-01,55.801998138427734,NBP
2022-09-02,47.46500015258789,NBP
2022-09-06,49.39400100708008,NBP
2022-09-07,46.36899948120117,NBP
2022-09-08,47.24399948120117,NBP
2022-09-09,43.85599899291992,NBP
2022-09-12,40.71799850463867,NBP
2022-09-13,42.21099853515625,NBP
2022-09-14,47.31800079345703,NBP
2022-09-15,44.457000732421875,NBP
2022-09-16,33.27199935913086,NBP
2022-09-19,32.25600051879883,NBP
2022-09-20,36.02399826049805,NBP
2022-09-21,33.52199935913086,NBP
2022-09-22,32.41999816894531,NBP
2022-09-23,31.270999908447266,NBP
2022-09-26,25.992000579833984,NBP
2022-09-27,27.56999969482422,NBP
2022-09-28,34.58100128173828,NBP
2022-09-29,44.82600021362305,NBP
2022-09-30,39.42499923706055,NBP
2022-10-03,33.58000183105469,NBP
2022-10-04,31.80699920654297,NBP
2022-10-05,35.525001525878906,NBP
2022-10-06,36.41999816894531,NBP
2022-10-07,31.767000198364254,NBP
2022-10-10,31.334999084472656,NBP
2022-10-11,31.757999420166016,NBP
2022-10-12,32.569000244140625,NBP
2022-10-13,31.641000747680664,NBP
2022-10-14,29.45299911499023,NBP
2022-10-17,26.573999404907227,NBP
2022-10-18,22.81800079345703,NBP
2022-10-19,20.586000442504883,NBP
2022-10-20,25.371999740600582,NBP
2022-10-21,22.808000564575195,NBP
2022-10-24,20.742000579833984,NBP
2022-10-25,21.238000869750977,NBP
2022-10-26,22.92200088500977,NBP
2022-10-27,25.01499938964844,NBP
2022-10-28,39.24599838256836,NBP
2022-10-31,34.64500045776367,NBP
2022-11-01,32.141998291015625,NBP
2022-11-02,35.108001708984375,NBP
2022-11-03,35.00699996948242,NBP
2022-11-04,32.0890007019043,NBP
2022-11-07,30.70800018310547,NBP
2022-11-08,32.87900161743164,NBP
2022-11-09,30.878000259399418,NBP
2022-11-10,31.145000457763672,NBP
2022-11-11,26.930999755859375,NBP
2022-11-14,32.058998107910156,NBP
2022-11-15,35.61600112915039,NBP
2022-11-16,32.117000579833984,NBP
2022-11-17,31.589000701904297,NBP
2022-11-18,32.41400146484375,NBP
2022-11-21,31.738000869750977,NBP
2022-11-22,32.61399841308594,NBP
2022-11-23,36.428001403808594,NBP
2022-11-25,34.91299819946289,NBP
2022-11-28,35.0989990234375,NBP
2022-11-29,41.229000091552734,NBP
2022-11-30,44.09700012207031,NBP
2022-12-01,42.29899978637695,NBP
2022-12-02,41.14300155639648,NBP
2022-12-05,41.04800033569336,NBP
2022-12-06,42.402000427246094,NBP
2022-12-07,45.75299835205078,NBP
2022-12-08,42.7760009765625,NBP
2022-12-09,42.5890007019043,NBP
2022-12-12,41.60599899291992,NBP
2022-12-13,42.37699890136719,NBP
2022-12-14,40.36399841308594,NBP
2022-12-15,41.25699996948242,NBP
2022-12-16,35.09600067138672,NBP
2022-12-19,32.805999755859375,NBP
2022-12-20,31.90399932861328,NBP
2022-12-21,29.32900047302246,NBP
2022-12-22,27.31399917602539,NBP
2022-12-23,24.155000686645508,NBP
2022-12-27,24.075000762939453,NBP
2022-12-28,22.700000762939453,NBP
2022-12-29,25.34600067138672,NBP
2022-12-30,22.40999984741211,NBP
2023-01-03,20.579999923706055,NBP
2023-01-04,18.459999084472656,NBP
2023-01-05,21.736000061035156,NBP
2023-01-06,20.503000259399418,NBP
2023-01-09,22.413999557495117,NBP
2023-01-10,20.832000732421875,NBP
2023-01-11,19.5,NBP
2023-01-12,20.368000030517575,NBP
2023-01-13,19.867000579833984,NBP
2023-01-17,18.52899932861328,NBP
2023-01-18,19.082000732421875,NBP
2023-01-19,18.864999771118164,NBP
2023-01-20,20.905000686645508,NBP
2023-01-23,20.636999130249023,NBP
2023-01-24,18.194000244140625,NBP
2023-01-25,17.71299934387207,NBP
2023-01-26,17.211000442504883,NBP
2023-01-27,17.422000885009766,NBP
2023-01-30,17.40999984741211,NBP
2023-01-31,17.40999984741211,NBP
2023-02-01,18.76300048828125,NBP
2023-02-02,17.718000411987305,NBP
2023-02-03,17.92099952697754,NBP
2023-02-06,17.676000595092773,NBP
2023-02-07,16.83300018310547,NBP
2023-02-08,16.27199935913086,NBP
2023-02-09,16.01799964904785,NBP
2023-02-10,16.2549991607666,NBP
2023-02-13,15.661999702453612,NBP
2023-02-14,15.770000457763672,NBP
2023-02-15,16.48900032043457,NBP
2023-02-16,15.56700038909912,NBP
2023-02-17,14.52299976348877,NBP
2023-02-21,14.58199977874756,NBP
2023-02-22,15.142999649047852,NBP
2023-02-23,15.1850004196167,NBP
2023-02-24,15.258000373840332,NBP
2023-02-27,14.067999839782717,NBP
2023-02-28,14.001999855041504,NBP
2023-03-01,14.263999938964844,NBP
2023-03-02,14.133000373840332,NBP
2023-03-03,13.569000244140623,NBP
2023-03-06,12.722000122070312,NBP
2023-03-07,12.925999641418455,NBP
2023-03-08,12.661999702453612,NBP
2023-03-09,13.065999984741213,NBP
2023-03-10,16.17300033569336,NBP
2023-03-13,15.215999603271484,NBP
2023-03-14,13.45199966430664,NBP
2023-03-15,12.843000411987305,NBP
2023-03-16,13.220000267028809,NBP
2023-03-17,12.644000053405762,NBP
2023-03-20,11.560999870300291,NBP
2023-03-21,12.638999938964844,NBP
2023-03-22,11.970999717712402,NBP
2023-03-23,13.128999710083008,NBP
2023-03-24,12.319000244140623,NBP
2023-03-27,12.862000465393066,NBP
2023-03-28,13.05799961090088,NBP
2023-03-29,13.01200008392334,NBP
2023-03-30,13.399999618530272,NBP
2023-03-31,14.612000465393066,NBP
2023-04-03,15.918999671936035,NBP
2023-04-04,14.38700008392334,NBP
2023-04-05,13.286999702453612,NBP
2023-04-06,12.734999656677246,NBP
2023-04-10,12.734999656677246,NBP
2023-04-11,12.770999908447266,NBP
2023-04-12,12.57699966430664,NBP
2023-04-13,12.505000114440918,NBP
2023-04-14,12.26200008392334,NBP
2023-04-17,12.220000267028809,NBP
2023-04-18,12.677000045776367,NBP
2023-04-19,11.975000381469728,NBP
2023-04-20,11.914999961853027,NBP
2023-04-21,11.92099952697754,NBP
2023-04-24,11.885000228881836,NBP
2023-04-25,11.770000457763672,NBP
2023-04-26,11.277999877929688,NBP
2023-04-27,11.45300006866455,NBP
2023-04-28,11.140999794006348,NBP
2023-05-01,11.097999572753906,NBP
2023-05-02,10.64900016784668,NBP
2023-05-03,10.48900032043457,NBP
2023-05-04,10.133999824523926,NBP
2023-05-05,10.527000427246094,NBP
2023-05-08,10.538999557495115,NBP
2023-05-09,10.385000228881836,NBP
2023-05-10,10.175000190734863,NBP
2023-05-11,10.121000289916992,NBP
2023-05-12,9.479000091552734,NBP
2023-05-15,9.321999549865724,NBP
2023-05-16,9.211999893188477,NBP
2023-05-17,9.10200023651123,NBP
2023-05-18,8.416000366210938,NBP
2023-05-19,8.508000373840332,NBP
2023-05-22,8.246999740600586,NBP
2023-05-23,8.22700023651123,NBP
2023-05-24,7.965000152587891,NBP
2023-05-25,7.230000019073486,NBP
2023-05-26,7.078999996185303,NBP
2023-05-30,7.15500020980835,NBP
2023-05-31,7.882999897003174,NBP
2023-06-01,6.801000118255615,NBP
2023-06-02,6.866000175476074,NBP
2023-06-05,8.350000381469727,NBP
2023-06-06,7.34600019454956,NBP
2023-06-07,7.765999794006348,NBP
2023-06-08,7.952000141143799,NBP
2023-06-09,9.791000366210938,NBP
2023-06-12,9.468999862670898,NBP
2023-06-13,11.569000244140623,NBP
2023-06-14,12.131999969482422,NBP
2023-06-15,13.133999824523926,NBP
2023-06-16,11.177000045776367,NBP
2023-06-20,12.289999961853027,NBP
2023-06-21,11.69499969482422,NBP
2023-06-22,10.878000259399414,NBP
2023-06-23,10.206000328063965,NBP
2023-06-26,10.135000228881836,NBP
2023-06-27,10.855999946594238,NBP
2023-06-28,10.670000076293944,NBP
2023-06-29,11.02299976348877,NBP
2023-06-30,11.598999977111816,NBP
2023-07-03,10.616999626159668,NBP
2023-07-05,10.746000289916992,NBP
2023-07-06,10.062999725341797,NBP
2023-07-07,10.49899959564209,NBP
2023-07-10,9.425999641418455,NBP
2023-07-11,9.095000267028809,NBP
2023-07-12,8.42300033569336,NBP
2023-07-13,8.45199966430664,NBP
2023-07-14,8.317999839782715,NBP
2023-07-17,8.057999610900879,NBP
2023-07-18,8.725000381469727,NBP
2023-07-19,8.748000144958496,NBP
2023-07-20,9.04699993133545,NBP
2023-07-21,9.098999977111816,NBP
2023-07-24,9.850000381469728,NBP
2023-07-25,10.468000411987305,NBP
2023-07-26,9.467000007629396,NBP
2023-07-27,8.998000144958496,NBP
2023-07-28,8.715999603271484,NBP
2023-07-31,9.102999687194824,NBP
2023-08-01,8.668000221252441,NBP
2023-08-02,9.157999992370604,NBP
2023-08-03,9.704999923706056,NBP
2023-08-04,9.305999755859377,NBP
2023-08-07,9.770999908447266,NBP
2023-08-08,9.942999839782717,NBP
2023-08-09,12.871999740600586,NBP
2023-08-10,12.005000114440918,NBP
2023-08-11,11.371000289916992,NBP
2023-08-14,10.996000289916992,NBP
2023-08-15,12.54699993133545,NBP
2023-08-16,12.152999877929688,NBP
2023-08-17,11.859000205993652,NBP
2023-08-18,11.571000099182127,NBP
2023-08-21,12.989999771118164,NBP
2023-08-22,13.508999824523926,NBP
2023-08-23,11.711000442504885,NBP
2023-08-24,10.15999984741211,NBP
2023-08-25,10.885000228881836,NBP
2023-08-28,10.885000228881836,NBP
2023-08-29,11.118000030517578,NBP
2023-08-30,12.411999702453612,NBP
2023-08-31,10.868000030517578,NBP
2023-09-01,10.951000213623049,NBP
2023-09-05,10.479000091552734,NBP
2023-09-06,9.416000366210938,NBP
2023-09-07,9.916999816894531,NBP
2023-09-08,10.593000411987305,NBP
2023-09-11,11.253000259399414,NBP
2023-09-12,10.840999603271484,NBP
2023-09-13,11.529999732971191,NBP
2023-09-14,11.085000038146973,NBP
2023-09-15,11.42300033569336,NBP
2023-09-18,10.835000038146973,NBP
2023-09-19,11.607000350952148,NBP
2023-09-20,11.824000358581545,NBP
2023-09-21,12.359999656677246,NBP
2023-09-22,12.532999992370604,NBP
2023-09-25,13.753999710083008,NBP
2023-09-26,12.44200038909912,NBP
2023-09-27,12.062999725341797,NBP
2023-09-28,13.392000198364258,NBP
2023-09-29,12.871000289916992,NBP
2023-10-02,11.927000045776367,NBP
2023-10-03,11.142999649047852,NBP
2023-10-04,11.62600040435791,NBP
2023-10-05,10.928999900817873,NBP
2023-10-06,11.52400016784668,NBP
2023-10-09,13.354000091552734,NBP
2023-10-10,15.291999816894531,NBP
2023-10-11,14.362000465393066,NBP
2023-10-12,16.36400032043457,NBP
2023-10-13,16.597000122070312,NBP
2023-10-16,14.77299976348877,NBP
2023-10-17,14.869000434875488,NBP
2023-10-18,15.28600025177002,NBP
2023-10-19,15.013999938964844,NBP
2023-10-20,15.333000183105469,NBP
2023-10-23,15.47599983215332,NBP
2023-10-24,14.876999855041504,NBP
2023-10-25,15.086000442504885,NBP
2023-10-26,15.29800033569336,NBP
2023-10-27,15.279000282287598,NBP
2023-10-30,16.767000198364258,NBP
2023-10-31,15.06999969482422,NBP
2023-11-01,14.859999656677246,NBP
2023-11-02,15.16800022125244,NBP
2023-11-03,15.131999969482422,NBP
2023-11-06,14.086999893188477,NBP
2023-11-07,14.342000007629396,NBP
2023-11-08,14.27299976348877,NBP
2023-11-09,15.001999855041504,NBP
2023-11-10,14.369000434875488,NBP
2023-11-13,14.666999816894531,NBP
2023-11-14,14.842000007629396,NBP
2023-11-15,14.706000328063965,NBP
2023-11-16,14.368000030517578,NBP
2023-11-17,14.14799976348877,NBP
2023-11-20,14.531999588012695,NBP
2023-11-21,14.02299976348877,NBP
2023-11-22,14.088000297546388,NBP
2023-11-24,15.112000465393066,NBP
2023-11-27,14.14900016784668,NBP
2023-11-28,13.78499984741211,NBP
2023-11-29,13.420000076293944,NBP
2023-11-30,13.565999984741213,NBP
2023-12-01,13.854000091552734,NBP
2023-12-04,12.713000297546388,NBP
2023-12-05,12.03600025177002,NBP
2023-12-06,12.380000114440918,NBP
2023-12-07,12.572999954223633,NBP
2023-12-08,12.1850004196167,NBP
2023-12-11,11.322999954223633,NBP
2023-12-12,10.895999908447266,NBP
2023-12-13,11.232999801635742,NBP
2023-12-14,11.07800006866455,NBP
2023-12-15,10.487000465393066,NBP
2023-12-18,11.222000122070312,NBP
2023-12-19,10.262999534606934,NBP
2023-12-20,10.56700038909912,NBP
2023-12-21,10.82800006866455,NBP
2023-12-22,10.85200023651123,NBP
2023-12-26,10.85200023651123,NBP
2023-12-27,11.515999794006348,NBP
2023-12-28,10.812000274658203,NBP
2023-12-29,10.29300022125244,NBP
2024-01-02,9.633000373840332,NBP
2024-01-03,10.293999671936035,NBP
2024-01-04,10.652000427246094,NBP
2024-01-05,11.100000381469728,NBP
2024-01-08,10.04699993133545,NBP
2024-01-09,9.71399974822998,NBP
2024-01-10,9.826000213623049,NBP
2024-01-11,9.755999565124512,NBP
2024-01-12,10.20199966430664,NBP
2024-01-16,9.314000129699709,NBP
2024-01-17,8.656000137329102,NBP
2024-01-18,8.67199993133545,NBP
2024-01-19,8.859999656677246,NBP
2024-01-22,8.51099967956543,NBP
2024-01-23,8.456999778747559,NBP
2024-01-24,9.102999687194824,NBP
2024-01-25,8.699000358581543,NBP
2024-01-26,8.824000358581543,NBP
2024-01-29,8.810999870300293,NBP
2024-01-30,9.18000030517578,NBP
2024-01-31,9.18000030517578,NBP
2024-02-01,9.038999557495115,NBP
2024-02-02,9.050000190734863,NBP
2024-02-05,8.682999610900879,NBP
2024-02-06,8.817000389099121,NBP
2024-02-07,8.71500015258789,NBP
2024-02-08,8.616999626159668,NBP
2024-02-09,8.392000198364258,NBP
2024-02-12,7.90500020980835,NBP
2024-02-13,7.839000225067139,NBP
2024-02-14,7.665999889373779,NBP
2024-02-15,7.691999912261963,NBP
2024-02-16,7.623000144958496,NBP
2024-02-20,7.507999897003174,NBP
2024-02-21,7.458000183105469,NBP
2024-02-22,7.234000205993652,NBP
2024-02-23,7.158999919891357,NBP
2024-02-26,7.5229997634887695,NBP
2024-02-27,7.688000202178955,NBP
2024-02-28,8.059000015258789,NBP
2024-02-29,7.790999889373779,NBP
2024-03-01,8.13599967956543,NBP
2024-03-04,8.555999755859375,NBP
2024-03-05,8.75,NBP
2024-03-06,8.470999717712402,NBP
2024-03-07,8.352999687194824,NBP
2024-03-08,8.475000381469727,NBP
2024-03-11,7.99399995803833,NBP
2024-03-12,7.984000205993652,NBP
2024-03-13,7.989999771118164,NBP
2024-03-14,8.324999809265137,NBP
2024-03-15,8.666999816894531,NBP
2024-03-18,9.324000358581545,NBP
2024-03-19,9.371999740600586,NBP
2024-03-20,9.06999969482422,NBP
2024-03-21,8.684000015258789,NBP
2024-03-22,9.043999671936035,NBP
2024-03-25,9.284000396728516,NBP
2024-03-26,8.736000061035156,NBP
2024-03-27,8.784000396728516,NBP
2024-03-28,8.598999977111816,NBP
2024-04-01,8.598999977111816,NBP
2024-04-02,8.130999565124512,NBP
2024-04-03,7.968999862670898,NBP
2024-04-04,8.217000007629395,NBP
2024-04-05,8.336000442504883,NBP
2024-04-08,8.817000389099121,NBP
2024-04-09,8.621000289916992,NBP
2024-04-10,8.468000411987305,NBP
2024-04-11,9.227999687194824,NBP
2024-04-12,9.50100040435791,NBP
2024-04-15,9.649999618530272,NBP
2024-04-16,10.312999725341797,NBP
2024-04-17,9.734000205993652,NBP
2024-04-18,10.109000205993652,NBP
2024-04-19,9.62600040435791,NBP
2024-04-22,9.125,NBP
2024-04-23,8.835000038146973,NBP
2024-04-24,9.029999732971191,NBP
2024-04-25,9.30500030517578,NBP
2024-04-26,8.956999778747559,NBP
2024-04-29,8.569000244140625,NBP
2024-04-30,8.960000038146973,NBP
2024-05-01,8.722999572753906,NBP
2024-05-02,9.423999786376951,NBP
2024-05-03,9.345999717712402,NBP
2024-05-06,9.369000434875488,NBP
2024-05-07,9.52400016784668,NBP
2024-05-08,9.338000297546388,NBP
2024-05-09,9.460000038146973,NBP
2024-05-10,9.128999710083008,NBP
2024-05-13,8.98799991607666,NBP
2024-05-14,9.059000015258787,NBP
2024-05-15,9.112000465393066,NBP
2024-05-16,9.253000259399414,NBP
2024-05-17,9.444000244140623,NBP
2024-05-20,9.748000144958496,NBP
2024-05-21,10.121999740600586,NBP
2024-05-22,10.494999885559082,NBP
2024-05-23,10.848999977111816,NBP
2024-05-24,10.434000015258787,NBP
2024-05-28,10.326000213623049,NBP
2024-05-29,10.375,NBP
2024-05-30,10.803999900817873,NBP
2024-05-31,10.420000076293944,NBP
2024-06-03,11.130999565124512,NBP
2024-06-04,10.303000450134276,NBP
2024-06-05,10.12600040435791,NBP
2024-06-06,10.289999961853027,NBP
2024-06-07,9.977999687194824,NBP
2024-06-10,10.343999862670898,NBP
2024-06-11,10.3100004196167,NBP
2024-06-12,10.772000312805176,NBP
2024-06-13,10.763999938964844,NBP
2024-06-14,10.55500030517578,NBP
2024-06-17,10.211999893188477,NBP
2024-06-18,10.336999893188477,NBP
2024-06-20,10.199000358581545,NBP
2024-06-21,9.996000289916992,NBP
2024-06-24,10.112000465393066,NBP
2024-06-25,10.340999603271484,NBP
2024-06-26,9.975000381469728,NBP
2024-06-27,10.42300033569336,NBP
2024-06-28,10.286999702453612,NBP
2024-07-01,9.904000282287598,NBP
2024-07-02,9.982999801635742,NBP
2024-07-03,9.696999549865724,NBP
2024-07-05,9.892000198364258,NBP
2024-07-08,9.626999855041504,NBP
2024-07-09,9.319000244140623,NBP
2024-07-10,9.140000343322754,NBP
2024-07-11,9.329999923706056,NBP
2024-07-12,9.50100040435791,NBP
2024-07-15,9.383000373840332,NBP
2024-07-16,9.876999855041504,NBP
2024-07-17,9.60200023651123,NBP
2024-07-18,9.871000289916992,NBP
2024-07-19,9.656999588012695,NBP
2024-07-22,9.553999900817873,NBP
2024-07-23,9.45300006866455,NBP
2024-07-24,9.79599952697754,NBP
2024-07-25,9.55799961090088,NBP
2024-07-26,9.78499984741211,NBP
2024-07-29,10.241000175476074,NBP
2024-07-30,10.904000282287598,NBP
2024-07-31,11.178000450134276,NBP
2024-08-01,11.541000366210938,NBP
2024-08-02,11.506999969482422,NBP
2024-08-05,11.118000030517578,NBP
2024-08-06,11.482999801635742,NBP
2024-08-07,12.020999908447266,NBP
2024-08-08,12.480999946594238,NBP
2024-08-09,12.595000267028809,NBP
2024-08-12,12.371999740600586,NBP
2024-08-13,12.309000015258787,NBP
2024-08-14,12.112000465393066,NBP
2024-08-15,12.29599952697754,NBP
2024-08-16,12.289999961853027,NBP
2024-08-19,12.487000465393066,NBP
2024-08-20,11.918999671936035,NBP
2024-08-21,11.583999633789062,NBP
2024-08-22,11.470000267028809,NBP
2024-08-23,11.69200038909912,NBP
2024-08-26,11.69200038909912,NBP
2024-08-27,12.345999717712402,NBP
2024-08-28,12.26200008392334,NBP
2024-08-29,12.392000198364258,NBP
2024-08-30,12.642999649047852,NBP
2024-09-03,11.708999633789062,NBP
2024-09-04,11.319000244140623,NBP
2024-09-05,11.449000358581545,NBP
2024-09-06,11.5600004196167,NBP
2024-09-09,11.765999794006348,NBP
2024-09-10,11.04599952697754,NBP
2024-09-11,11.368000030517578,NBP
2024-09-12,11.045000076293944,NBP
2024-09-13,11.281000137329102,NBP
2024-09-16,10.71399974822998,NBP
2024-09-17,11.237000465393066,NBP
2024-09-18,11.13700008392334,NBP
2024-09-19,10.479999542236328,NBP
2024-09-20,10.954999923706056,NBP
2024-09-23,11.626999855041504,NBP
2024-09-24,11.402000427246094,NBP
2024-09-25,12.06999969482422,NBP
2024-09-26,12.244999885559082,NBP
2024-09-27,12.923999786376951,NBP
2024-09-30,13.05500030517578,NBP
2024-10-01,12.989999771118164,NBP
2024-10-02,12.699000358581545,NBP
2024-10-03,13.145000457763672,NBP
2024-10-04,13.45300006866455,NBP
2024-10-07,13.190999984741213,NBP
2024-10-08,12.718000411987305,NBP
2024-10-09,12.496000289916992,NBP
2024-10-10,13.102999687194824,NBP
2024-10-11,12.991999626159668,NBP
2024-10-14,13.168999671936035,NBP
2024-10-15,12.937000274658203,NBP
2024-10-16,12.69499969482422,NBP
2024-10-17,12.8149995803833,NBP
2024-10-18,12.77400016784668,NBP
2024-10-21,13.017999649047852,NBP
2024-10-22,13.220999717712402,NBP
2024-10-23,13.423999786376951,NBP
2024-10-24,13.78600025177002,NBP
2024-10-25,14.307000160217283,NBP
2024-10-28,13.890999794006348,NBP
2024-10-29,13.9350004196167,NBP
2024-10-30,13.607999801635742,NBP
2024-10-31,13.309000015258787,NBP
2024-11-01,12.857999801635742,NBP
2024-11-04,13.29699993133545,NBP
2024-11-05,13.35099983215332,NBP
2024-11-06,13.125,NBP
2024-11-07,13.55799961090088,NBP
2024-11-08,13.89900016784668,NBP
2024-11-11,14.230999946594238,NBP
2024-11-12,14.347000122070312,NBP
2024-11-13,14.093999862670898,NBP
2024-11-14,14.82900047302246,NBP
2024-11-15,14.835000038146973,NBP
2024-11-18,15.0,NBP
2024-11-19,14.529000282287598,NBP
2024-11-20,14.824000358581545,NBP
2024-11-21,15.256999969482422,NBP
2024-11-22,14.654000282287598,NBP
2024-11-25,15.00100040435791,NBP
2024-11-26,14.859000205993652,NBP
2024-11-27,15.112000465393066,NBP
2024-11-29,15.1899995803833,NBP
2024-12-02,15.355999946594238,NBP
2024-12-03,15.390999794006348,NBP
2024-12-04,14.895000457763672,NBP
2024-12-05,14.793999671936035,NBP
2024-12-06,14.760000228881836,NBP
2024-12-09,14.260000228881836,NBP
2024-12-10,14.381999969482422,NBP
2024-12-11,14.04300022125244,NBP
2024-12-12,13.470999717712402,NBP
2024-12-13,12.989999771118164,NBP
2024-12-16,12.73900032043457,NBP
2024-12-17,13.253999710083008,NBP
2024-12-18,12.878999710083008,NBP
2024-12-19,13.463000297546388,NBP
2024-12-20,13.793999671936035,NBP
2024-12-23,14.281000137329102,NBP
2024-12-24,14.32900047302246,NBP
2024-12-26,14.293999671936035,NBP
2024-12-27,15.0600004196167,NBP
2024-12-30,14.984999656677246,NBP
2024-12-31,15.27299976348877,NBP
2025-01-02,15.484999656677246,NBP
2025-01-03,15.35200023651123,NBP
2025-01-06,14.741000175476074,NBP
2025-01-07,14.765000343322754,NBP
2025-01-08,14.06700038909912,NBP
2025-01-09,13.887999534606934,NBP
2025-01-10,13.822999954223633,NBP
2025-01-13,14.760000228881836,NBP
2025-01-14,14.467000007629396,NBP
2025-01-15,14.512999534606934,NBP
2025-01-16,14.236000061035156,NBP
2025-01-17,14.428999900817873,NBP
2025-01-21,15.56999969482422,NBP
2025-01-22,15.130000114440918,NBP
2025-01-23,15.217000007629396,NBP
2025-01-24,15.567999839782717,NBP
2025-01-27,14.984999656677246,NBP
2025-01-28,15.069000244140623,NBP
2025-01-29,15.984000205993652,NBP
2025-01-30,15.682000160217283,NBP
2025-01-31,15.682000160217283,NBP
2025-02-03,16.246999740600586,NBP
2025-02-04,15.798999786376951,NBP
2025-02-05,16.32900047302246,NBP
2025-02-06,16.534000396728516,NBP
2025-02-07,16.851999282836914,NBP
2025-02-10,17.49799919128418,NBP
2025-02-11,17.43600082397461,NBP
2025-02-12,16.7810001373291,NBP
2025-02-13,15.557000160217283,NBP
2025-02-14,15.423999786376951,NBP
2025-02-18,14.873000144958496,NBP
2025-02-19,14.473999977111816,NBP
2025-02-20,14.350000381469728,NBP
2025-02-21,14.196999549865724,NBP
2025-02-24,14.23799991607666,NBP
2025-02-25,13.40999984741211,NBP
2025-02-26,12.538999557495115,NBP
2025-02-27,13.52299976348877,NBP
2025-02-28,13.197999954223633,NBP
2025-03-03,13.605999946594238,NBP
2025-03-04,13.168999671936035,NBP
2025-03-05,12.87399959564209,NBP
2025-03-06,11.98900032043457,NBP
2025-03-07,12.626999855041504,NBP
2025-03-10,13.020999908447266,NBP
2025-03-11,13.618000030517578,NBP
2025-03-12,13.487000465393066,NBP
2025-03-13,13.343000411987305,NBP
2025-03-14,13.425999641418455,NBP
2025-03-17,13.104999542236328,NBP
2025-03-18,12.963000297546388,NBP
2025-03-19,13.772000312805176,NBP
2025-03-20,13.524999618530272,NBP
2025-03-21,13.425000190734863,NBP
2025-03-24,13.437000274658203,NBP
2025-03-25,13.048999786376951,NBP
2025-03-26,12.770000457763672,NBP
2025-03-27,12.861000061035156,NBP
2025-03-28,12.760000228881836,NBP
2025-03-31,12.619000434875488,NBP
2025-04-01,13.265000343322754,NBP
2025-04-02,12.876999855041504,NBP
2025-04-03,12.55799961090088,NBP
2025-04-04,11.484000205993652,NBP
2025-04-07,11.57800006866455,NBP
2025-04-08,11.322999954223633,NBP
2025-04-09,10.614999771118164,NBP
2025-04-10,10.652999877929688,NBP
2025-04-11,10.850000381469728,NBP
2025-04-14,11.256999969482422,NBP
2025-04-15,11.166000366210938,NBP
2025-04-16,11.517999649047852,NBP
2025-04-17,11.550999641418455,NBP
2025-04-21,11.684000015258787,NBP
2025-04-22,11.241000175476074,NBP
2025-04-23,11.098999977111816,NBP
2025-04-24,10.821000099182127,NBP
2025-04-25,10.45699977874756,NBP
2025-04-28,10.482000350952148,NBP
2025-04-29,10.32699966430664,NBP
2025-04-30,10.41100025177002,NBP
2025-05-01,10.27400016784668,NBP
2025-05-02,10.680999755859377,NBP
2025-05-05,10.668999671936035,NBP
2025-05-06,11.204999923706056,NBP
2025-05-07,11.104999542236328,NBP
2025-05-08,11.288999557495115,NBP
2025-05-09,11.003000259399414,NBP
2025-05-12,11.175000190734863,NBP
2025-05-13,11.288000106811523,NBP
2025-05-14,11.140999794006348,NBP
2025-05-15,11.220000267028809,NBP
2025-05-16,11.121999740600586,NBP
2025-05-19,11.267999649047852,NBP
2025-05-20,11.911999702453612,NBP
2025-05-21,11.803999900817873,NBP
2025-05-22,11.654999732971191,NBP
2025-05-23,11.762999534606934,NBP
2025-05-27,11.960000038146973,NBP
2025-05-28,11.829999923706056,NBP
2025-05-29,11.21399974822998,NBP
2025-05-30,10.734000205993652,NBP
2025-06-02,11.043999671936035,NBP
2025-06-03,11.29699993133545,NBP
2025-06-04,11.31999969482422,NBP
2025-06-05,11.614999771118164,NBP
2025-06-06,11.48799991607666,NBP
2025-06-09,11.178999900817873,NBP
2025-06-10,10.881999969482422,NBP
2025-06-11,11.39799976348877,NBP
2025-06-12,11.541000366210938,NBP
2025-06-13,12.19499969482422,NBP
2025-06-16,12.11299991607666,NBP
2025-06-17,12.560999870300291,NBP
2025-06-18,12.281999588012695,NBP
2025-06-20,12.95199966430664,NBP
2025-06-23,12.878999710083008,NBP
2025-06-24,11.29300022125244,NBP
2025-06-25,11.265000343322754,NBP
2025-06-26,10.869999885559082,NBP
2025-06-27,10.793999671936035,NBP
2025-06-30,10.597999572753906,NBP
2025-07-01,10.89799976348877,NBP
2025-07-02,10.892000198364258,NBP
2025-07-03,10.907999992370604,NBP
2025-07-07,10.913000106811523,NBP
2025-07-08,11.071999549865724,NBP
2025-07-09,11.151000022888184,NBP
2025-07-10,11.41800022125244,NBP
2025-07-11,11.519000053405762,NBP
2025-07-14,11.467000007629396,NBP
2025-07-15,11.029999732971191,NBP
2025-07-16,11.211000442504885,NBP
2025-07-17,11.010000228881836,NBP
2025-07-18,10.776000022888184,NBP
2025-07-21,10.74899959564209,NBP
2025-07-22,10.77400016784668,NBP
2025-07-23,10.654999732971191,NBP
2025-07-24,10.571000099182127,NBP
2025-07-25,10.619999885559082,NBP
2025-07-28,10.6899995803833,NBP
2025-07-29,11.015000343322754,NBP
2025-07-30,11.479000091552734,NBP
2025-07-31,11.496000289916992,NBP
2025-08-01,11.128999710083008,NBP
2025-08-04,11.246999740600586,NBP
2025-08-05,11.282999992370604,NBP
2025-08-06,10.951000213623049,NBP
2025-08-07,10.866000175476074,NBP
2025-08-08,10.69200038909912,NBP
2025-08-11,10.89900016784668,NBP
2025-08-12,10.725000381469728,NBP
2025-08-13,10.934000015258787,NBP
2025-08-14,10.685999870300291,NBP
2025-08-15,10.371999740600586,NBP
2025-08-18,10.407999992370604,NBP
2025-08-19,10.37600040435791,NBP
2025-08-20,10.652000427246094,NBP
2025-08-21,11.076000213623049,NBP
2025-08-22,11.31999969482422,NBP
2025-08-25,11.300000190734863,NBP
2025-08-26,11.20699977874756,NBP
2025-08-27,10.829999923706056,NBP
2025-08-28,10.53600025177002,NBP
2025-08-29,10.520000457763672,NBP
2025-09-02,10.456000328063965,NBP
2025-09-03,10.54300022125244,NBP
2025-09-04,10.626999855041504,NBP
2025-09-05,10.534000396728516,NBP
2025-09-08,10.968000411987305,NBP
2025-09-09,10.9399995803833,NBP
2025-09-10,10.991000175476074,NBP
2025-09-11,10.743000030517578,NBP
2025-09-12,10.871000289916992,NBP
2025-09-15,10.675000190734863,NBP
2025-09-16,10.831000328063965,NBP
2025-09-17,10.86299991607666,NBP
2025-09-18,11.04800033569336,NBP
2025-09-19,10.795000076293944,NBP
2025-09-22,10.670000076293944,NBP
2025-09-23,10.866999626159668,NBP
2025-09-24,10.696000099182127,NBP
2025-09-25,10.821999549865724,NBP
2025-09-26,10.916999816894531,NBP
2025-09-29,11.24899959564209,NBP
2025-09-30,10.843000411987305,NBP
2025-10-01,10.807000160217283,NBP
2025-10-02,10.774999618530272,NBP
2025-10-03,10.855999946594238,NBP
2025-10-06,11.482999801635742,NBP
2025-10-07,11.493000030517578,NBP
2025-10-08,11.22700023651123,NBP
2025-10-09,11.062999725341797,NBP
2025-10-10,10.942999839782717,NBP
2025-10-13,10.69200038909912,NBP
2025-10-14,10.809000015258787,NBP
2025-10-15,10.821000099182127,NBP
2025-10-16,11.06700038909912,NBP
2025-10-17,10.807000160217283,NBP
2025-10-20,10.77400016784668,NBP
2025-10-21,10.86400032043457,NBP
2025-10-22,10.623000144958496,NBP
2025-10-23,10.892000198364258,NBP
2025-10-24,10.708000183105469,NBP
2025-10-27,10.496999740600586,NBP
2025-10-28,10.571000099182127,NBP
2025-10-29,10.659000396728516,NBP
2025-10-30,10.722999572753906,NBP
2025-10-31,10.614999771118164,NBP
2025-11-03,10.814000129699709,NBP
2025-11-04,11.095000267028809,NBP
2025-11-05,10.824999809265137,NBP
2025-11-06,10.755000114440918,NBP
2025-11-07,10.67300033569336,NBP
2025-11-10,10.621999740600586,NBP
2025-11-11,10.680999755859377,NBP
2025-11-12,10.67099952697754,NBP
2025-11-13,10.562000274658203,NBP
2025-11-14,10.840999603271484,NBP
2025-11-17,10.85200023651123,NBP
2025-11-18,10.975000381469728,NBP
2025-11-19,10.631999969482422,NBP
2025-11-20,10.67300033569336,NBP
2025-11-21,10.279000282287598,NBP
2025-11-24,10.154999732971191,NBP
2025-11-25,10.105999946594238,NBP
2025-11-26,10.23900032043457,NBP
2025-11-28,9.97700023651123,NBP
2025-12-01,9.782999992370604,NBP
2025-12-02,9.682000160217283,NBP
2025-12-03,9.777999877929688,NBP
2025-12-04,9.36400032043457,NBP
2025-12-05,9.465999603271484,NBP
2025-12-08,9.387999534606934,NBP
2025-12-09,9.61299991607666,NBP
2025-12-10,9.284000396728516,NBP
2025-12-11,9.465999603271484,NBP
2025-12-12,9.781000137329102,NBP
2025-12-15,9.765999794006348,NBP
2025-12-16,9.486000061035156,NBP
2025-12-17,9.706000328063965,NBP
2025-12-18,9.791000366210938,NBP
2025-12-19,10.005999565124512,NBP
2025-12-22,9.845999717712402,NBP
2025-12-23,9.859000205993652,NBP
2025-12-24,9.991999626159668,NBP
2025-12-26,9.991999626159668,NBP
2025-12-29,10.234999656677246,NBP
2025-12-30,9.708000183105469,NBP
2025-12-31,9.927000045776367,NBP
2026-01-02,10.223999977111816,NBP
2026-01-05,9.5649995803833,NBP
2026-01-06,9.821999549865724,NBP
2026-01-07,10.04300022125244,NBP
2026-01-08,9.605999946594238,NBP
2026-01-09,9.8149995803833,NBP
2026-01-12,10.585000038146973,NBP
2026-01-13,11.005999565124512,NBP
2026-01-14,11.177000045776367,NBP
2026-01-15,11.611000061035156,NBP
2026-01-16,12.944000244140623,NBP
2026-01-20,12.642999649047852,NBP
2026-01-21,13.92099952697754,NBP
2026-01-22,13.579999923706056,NBP
2026-01-23,14.196999549865724,NBP
2026-01-26,13.932000160217283,NBP
2026-01-27,13.880999565124512,NBP
2026-01-28,13.847000122070312,NBP
2026-01-29,12.949999809265137,NBP
2026-01-30,12.949999809265137,NBP
2026-02-02,11.086999893188477,NBP
2026-02-03,10.758999824523926,NBP
2026-02-04,10.892000198364258,NBP
2026-02-05,10.975000381469728,NBP
2026-02-06,11.592000007629396,NBP
2026-02-09,10.802000045776367,NBP
2026-02-10,10.178999900817873,NBP
2026-02-11,10.241999626159668,NBP
2026-02-12,10.545000076293944,NBP
2026-02-13,10.378000259399414,NBP
2026-02-17,9.605999946594238,NBP
2026-02-18,10.350000381469728,NBP
2026-02-19,11.041999816894531,NBP
2026-02-20,10.480999946594238,NBP
2026-02-23,10.397000312805176,NBP
2026-02-24,10.0649995803833,NBP
2026-02-25,10.13700008392334,NBP
2020-11-02,13.654999732971191,TTF
2020-11-03,13.664999961853027,TTF
2020-11-04,13.885000228881836,TTF
2020-11-05,14.454999923706056,TTF
2020-11-06,13.899999618530272,TTF
2020-11-09,13.854999542236328,TTF
2020-11-10,14.03499984741211,TTF
2020-11-11,14.095000267028809,TTF
2020-11-12,14.0,TTF
2020-11-13,14.239999771118164,TTF
2020-11-16,14.494999885559082,TTF
2020-11-17,13.970000267028809,TTF
2020-11-18,13.68000030517578,TTF
2020-11-19,13.020000457763672,TTF
2020-11-20,12.895000457763672,TTF
2020-11-23,13.53499984741211,TTF
2020-11-24,13.899999618530272,TTF
2020-11-25,13.93000030517578,TTF
2020-11-27,14.484999656677246,TTF
2020-11-30,15.140000343322754,TTF
2020-12-01,14.90999984741211,TTF
2020-12-02,14.904999732971191,TTF
2020-12-03,14.145000457763672,TTF
2020-12-04,14.645000457763672,TTF
2020-12-07,14.354999542236328,TTF
2020-12-08,14.44499969482422,TTF
2020-12-09,14.734999656677246,TTF
2020-12-10,15.539999961853027,TTF
2020-12-11,15.960000038146973,TTF
2020-12-14,16.604999542236328,TTF
2020-12-15,17.225000381469727,TTF
2020-12-16,16.3799991607666,TTF
2020-12-17,15.9399995803833,TTF
2020-12-18,15.885000228881836,TTF
2020-12-21,16.795000076293945,TTF
2020-12-22,17.635000228881836,TTF
2020-12-23,17.5049991607666,TTF
2020-12-24,17.649999618530273,TTF
2020-12-28,19.149999618530273,TTF
2020-12-29,18.774999618530273,TTF
2020-12-30,19.0,TTF
2020-12-31,19.125,TTF
2021-01-04,19.844999313354492,TTF
2021-01-05,18.0049991607666,TTF
2021-01-06,17.565000534057617,TTF
2021-01-07,19.30500030517578,TTF
2021-01-08,20.1200008392334,TTF
2021-01-11,22.125,TTF
2021-01-12,26.155000686645508,TTF
2021-01-13,21.5,TTF
2021-01-14,21.334999084472656,TTF
2021-01-15,20.200000762939453,TTF
2021-01-19,20.325000762939453,TTF
2021-01-20,20.260000228881836,TTF
2021-01-21,20.065000534057617,TTF
2021-01-22,21.48500061035156,TTF
2021-01-25,20.15999984741211,TTF
2021-01-26,19.510000228881836,TTF
2021-01-27,19.700000762939453,TTF
2021-01-28,20.90999984741211,TTF
2021-01-29,19.81999969482422,TTF
2021-02-01,18.13999938964844,TTF
2021-02-02,18.25,TTF
2021-02-03,17.854999542236328,TTF
2021-02-04,18.1200008392334,TTF
2021-02-05,18.3799991607666,TTF
2021-02-08,20.18000030517578,TTF
2021-02-09,19.045000076293945,TTF
2021-02-10,18.559999465942383,TTF
2021-02-11,17.375,TTF
2021-02-12,17.6200008392334,TTF
2021-02-16,16.71500015258789,TTF
2021-02-17,16.540000915527344,TTF
2021-02-18,17.329999923706055,TTF
2021-02-19,16.55500030517578,TTF
2021-02-22,15.960000038146973,TTF
2021-02-23,16.25,TTF
2021-02-24,16.3799991607666,TTF
2021-02-25,15.9350004196167,TTF
2021-02-26,15.69499969482422,TTF
2021-03-01,16.079999923706055,TTF
2021-03-02,15.869999885559082,TTF
2021-03-03,15.524999618530272,TTF
2021-03-04,15.93000030517578,TTF
2021-03-05,16.364999771118164,TTF
2021-03-08,16.149999618530273,TTF
2021-03-09,16.924999237060547,TTF
2021-03-10,17.6299991607666,TTF
2021-03-11,18.125,TTF
2021-03-12,18.450000762939453,TTF
2021-03-15,17.93000030517578,TTF
2021-03-16,17.65999984741211,TTF
2021-03-17,17.969999313354492,TTF
2021-03-18,17.760000228881836,TTF
2021-03-19,17.264999389648438,TTF
2021-03-22,18.045000076293945,TTF
2021-03-23,18.38999938964844,TTF
2021-03-24,18.59000015258789,TTF
2021-03-25,18.364999771118164,TTF
2021-03-26,18.700000762939453,TTF
2021-03-29,18.44499969482422,TTF
2021-03-30,18.80500030517578,TTF
2021-03-31,18.9950008392334,TTF
2021-04-01,19.170000076293945,TTF
2021-04-05,19.170000076293945,TTF
2021-04-06,19.780000686645508,TTF
2021-04-07,19.28499984741211,TTF
2021-04-08,18.989999771118164,TTF
2021-04-09,18.940000534057617,TTF
2021-04-12,19.649999618530273,TTF
2021-04-13,19.510000228881836,TTF
2021-04-14,19.68000030517578,TTF
2021-04-15,20.260000228881836,TTF
2021-04-16,20.540000915527344,TTF
2021-04-19,20.940000534057617,TTF
2021-04-20,21.065000534057617,TTF
2021-04-21,21.11000061035156,TTF
2021-04-22,21.3700008392334,TTF
2021-04-23,20.045000076293945,TTF
2021-04-26,20.0,TTF
2021-04-27,21.405000686645508,TTF
2021-04-28,21.55500030517578,TTF
2021-04-29,22.5,TTF
2021-04-30,23.28499984741211,TTF
2021-05-03,23.815000534057617,TTF
2021-05-04,23.049999237060547,TTF
2021-05-05,23.959999084472656,TTF
2021-05-06,24.329999923706055,TTF
2021-05-07,23.940000534057617,TTF
2021-05-10,25.190000534057617,TTF
2021-05-11,25.80500030517578,TTF
2021-05-12,26.420000076293945,TTF
2021-05-13,26.25,TTF
2021-05-14,26.829999923706055,TTF
2021-05-17,26.309999465942383,TTF
2021-05-18,24.809999465942383,TTF
2021-05-19,22.665000915527344,TTF
2021-05-20,24.684999465942383,TTF
2021-05-21,24.795000076293945,TTF
2021-05-24,24.760000228881836,TTF
2021-05-25,26.190000534057617,TTF
2021-05-26,26.424999237060547,TTF
2021-05-27,25.200000762939453,TTF
2021-05-28,24.93000030517578,TTF
2021-06-01,25.975000381469727,TTF
2021-06-02,25.725000381469727,TTF
2021-06-03,25.704999923706055,TTF
2021-06-04,25.795000076293945,TTF
2021-06-07,26.489999771118164,TTF
2021-06-08,27.799999237060547,TTF
2021-06-09,28.299999237060547,TTF
2021-06-10,28.684999465942383,TTF
2021-06-11,27.844999313354492,TTF
2021-06-14,28.809999465942383,TTF
2021-06-15,28.135000228881836,TTF
2021-06-16,28.030000686645508,TTF
2021-06-17,28.309999465942383,TTF
2021-06-18,29.405000686645508,TTF
2021-06-21,29.614999771118164,TTF
2021-06-22,30.73500061035156,TTF
2021-06-23,31.545000076293945,TTF
2021-06-24,32.01499938964844,TTF
2021-06-25,32.3849983215332,TTF
2021-06-28,32.28900146484375,TTF
2021-06-29,33.486000061035156,TTF
2021-06-30,34.62200164794922,TTF
2021-07-01,36.14300155639648,TTF
2021-07-02,35.82699966430664,TTF
2021-07-06,34.10499954223633,TTF
2021-07-07,32.3380012512207,TTF
2021-07-08,33.3120002746582,TTF
2021-07-09,36.63199996948242,TTF
2021-07-12,34.64899826049805,TTF
2021-07-13,35.4630012512207,TTF
2021-07-14,34.775001525878906,TTF
2021-07-15,33.797000885009766,TTF
2021-07-16,34.84199905395508,TTF
2021-07-19,35.64899826049805,TTF
2021-07-20,35.165000915527344,TTF
2021-07-21,35.94900131225586,TTF
2021-07-22,36.12900161743164,TTF
2021-07-23,35.52299880981445,TTF
2021-07-26,36.91400146484375,TTF
2021-07-27,37.59000015258789,TTF
2021-07-28,39.698001861572266,TTF
2021-07-29,41.15399932861328,TTF
2021-07-30,40.75600051879883,TTF
2021-08-02,42.15299987792969,TTF
2021-08-03,41.24300003051758,TTF
2021-08-04,42.25299835205078,TTF
2021-08-05,42.89899826049805,TTF
2021-08-06,43.11800003051758,TTF
2021-08-09,42.7859992980957,TTF
2021-08-10,44.654998779296875,TTF
2021-08-11,45.98600006103515,TTF
2021-08-12,45.87099838256836,TTF
2021-08-13,44.62799835205078,TTF
2021-08-16,47.987998962402344,TTF
2021-08-17,46.94900131225586,TTF
2021-08-18,45.3849983215332,TTF
2021-08-19,40.39500045776367,TTF
2021-08-20,41.944000244140625,TTF
2021-08-23,41.68000030517578,TTF
2021-08-24,44.869998931884766,TTF
2021-08-25,45.28499984741211,TTF
2021-08-26,45.78799819946289,TTF
2021-08-27,47.805999755859375,TTF
2021-08-30,49.67900085449219,TTF
2021-08-31,50.3380012512207,TTF
2021-09-01,50.23199844360352,TTF
2021-09-02,51.91600036621094,TTF
2021-09-03,51.505001068115234,TTF
2021-09-07,53.90800094604492,TTF
2021-09-08,55.28799819946289,TTF
2021-09-09,56.58100128173828,TTF
2021-09-10,57.91600036621094,TTF
2021-09-13,61.27899932861328,TTF
2021-09-14,65.76399993896484,TTF
2021-09-15,70.70700073242188,TTF
2021-09-16,63.250999450683594,TTF
2021-09-17,65.10299682617188,TTF
2021-09-20,75.31700134277344,TTF
2021-09-21,73.78199768066406,TTF
2021-09-22,71.69200134277344,TTF
2021-09-23,69.68399810791016,TTF
2021-09-24,70.23999786376953,TTF
2021-09-27,76.50700378417969,TTF
2021-09-28,78.56500244140625,TTF
2021-09-29,86.60900115966797,TTF
2021-09-30,97.77400207519533,TTF
2021-10-01,93.625,TTF
2021-10-04,96.6520004272461,TTF
2021-10-05,116.0199966430664,TTF
2021-10-06,108.19100189208984,TTF
2021-10-07,96.58399963378906,TTF
2021-10-08,87.60600280761719,TTF
2021-10-11,85.21600341796875,TTF
2021-10-12,85.697998046875,TTF
2021-10-13,93.61599731445312,TTF
2021-10-14,102.1719970703125,TTF
2021-10-15,93.64800262451172,TTF
2021-10-18,93.93299865722656,TTF
2021-10-19,89.93199920654297,TTF
2021-10-20,93.45099639892578,TTF
2021-10-21,88.46299743652344,TTF
2021-10-22,87.33799743652344,TTF
2021-10-25,88.64299774169922,TTF
2021-10-26,88.49299621582031,TTF
2021-10-27,86.81900024414062,TTF
2021-10-28,77.03199768066406,TTF
2021-10-29,64.86399841308594,TTF
2021-11-01,65.61900329589844,TTF
2021-11-02,67.60600280761719,TTF
2021-11-03,76.54199981689453,TTF
2021-11-04,73.3759994506836,TTF
2021-11-05,74.0270004272461,TTF
2021-11-08,79.0739974975586,TTF
2021-11-09,72.58699798583984,TTF
2021-11-10,70.12300109863281,TTF
2021-11-11,74.79000091552734,TTF
2021-11-12,75.67500305175781,TTF
2021-11-15,79.9469985961914,TTF
2021-11-16,94.18900299072266,TTF
2021-11-17,95.00399780273438,TTF
2021-11-18,95.16699981689452,TTF
2021-11-19,87.125,TTF
2021-11-22,84.01699829101562,TTF
2021-11-23,90.927001953125,TTF
2021-11-24,93.98400115966795,TTF
2021-11-26,87.77200317382812,TTF
2021-11-29,93.14600372314452,TTF
2021-11-30,92.51300048828124,TTF
2021-12-01,95.6750030517578,TTF
2021-12-02,94.83000183105467,TTF
2021-12-03,89.47799682617188,TTF
2021-12-06,89.9280014038086,TTF
2021-12-07,95.88300323486328,TTF
2021-12-08,101.5019989013672,TTF
2021-12-09,100.44499969482422,TTF
2021-12-10,105.7760009765625,TTF
2021-12-13,116.08399963378906,TTF
2021-12-14,128.30099487304688,TTF
2021-12-15,132.28399658203125,TTF
2021-12-16,142.76499938964844,TTF
2021-12-17,136.91299438476562,TTF
2021-12-20,146.92599487304688,TTF
2021-12-21,180.2669982910156,TTF
2021-12-22,172.875,TTF
2021-12-23,132.57899475097656,TTF
2021-12-27,106.89299774169922,TTF
2021-12-28,106.58999633789062,TTF
2021-12-29,96.47599792480467,TTF
2021-12-30,87.0270004272461,TTF
2021-12-31,70.34300231933594,TTF
2022-01-03,80.43399810791016,TTF
2022-01-04,88.74099731445312,TTF
2022-01-05,91.52200317382812,TTF
2022-01-06,96.5019989013672,TTF
2022-01-07,88.17400360107422,TTF
2022-01-10,84.60700225830078,TTF
2022-01-11,78.73600006103516,TTF
2022-01-12,75.15299987792969,TTF
2022-01-13,85.45999908447266,TTF
2022-01-14,86.97000122070312,TTF
2022-01-18,78.33399963378906,TTF
2022-01-19,75.60199737548828,TTF
2022-01-20,75.2030029296875,TTF
2022-01-21,78.9800033569336,TTF
2022-01-24,93.0,TTF
2022-01-25,93.58200073242188,TTF
2022-01-26,91.83699798583984,TTF
2022-01-27,92.3010025024414,TTF
2022-01-28,92.06199645996094,TTF
2022-01-31,84.6719970703125,TTF
2022-02-01,76.16699981689453,TTF
2022-02-02,77.35099792480469,TTF
2022-02-03,80.2229995727539,TTF
2022-02-04,82.6520004272461,TTF
2022-02-07,79.59500122070312,TTF
2022-02-08,77.30000305175781,TTF
2022-02-09,74.41699981689453,TTF
2022-02-10,74.35299682617188,TTF
2022-02-11,77.4260025024414,TTF
2022-02-14,80.77100372314453,TTF
2022-02-15,70.91899871826172,TTF
2022-02-16,69.79499816894531,TTF
2022-02-17,74.91400146484375,TTF
2022-02-18,73.76200103759766,TTF
2022-02-22,79.78900146484375,TTF
2022-02-23,88.89099884033203,TTF
2022-02-24,134.3159942626953,TTF
2022-02-25,94.4219970703125,TTF
2022-02-28,98.59500122070312,TTF
2022-03-01,121.67400360107422,TTF
2022-03-02,165.54299926757812,TTF
2022-03-03,160.822998046875,TTF
2022-03-04,192.5500030517578,TTF
2022-03-07,227.2010040283203,TTF
2022-03-08,214.5540008544922,TTF
2022-03-09,155.8800048828125,TTF
2022-03-10,126.39900207519533,TTF
2022-03-11,131.22900390625,TTF
2022-03-14,114.52200317382812,TTF
2022-03-15,115.43900299072266,TTF
2022-03-16,102.6230010986328,TTF
2022-03-17,105.08799743652344,TTF
2022-03-18,105.04399871826172,TTF
2022-03-21,96.302001953125,TTF
2022-03-22,98.74700164794922,TTF
2022-03-23,117.0009994506836,TTF
2022-03-24,111.60800170898438,TTF
2022-03-25,101.2689971923828,TTF
2022-03-28,102.54499816894533,TTF
2022-03-29,108.38099670410156,TTF
2022-03-30,118.97000122070312,TTF
2022-03-31,125.90599822998048,TTF
2022-04-01,112.1500015258789,TTF
2022-04-04,109.52300262451172,TTF
2022-04-05,108.56400299072266,TTF
2022-04-06,106.79100036621094,TTF
2022-04-07,104.56400299072266,TTF
2022-04-08,103.88200378417967,TTF
2022-04-11,100.13700103759766,TTF
2022-04-12,102.21900177001952,TTF
2022-04-13,105.3239974975586,TTF
2022-04-14,95.62000274658205,TTF
2022-04-18,95.62000274658205,TTF
2022-04-19,93.76799774169922,TTF
2022-04-20,94.2310028076172,TTF
2022-04-21,100.06099700927734,TTF
2022-04-22,94.875,TTF
2022-04-25,92.83699798583984,TTF
2022-04-26,103.20800018310548,TTF
2022-04-27,107.427001953125,TTF
2022-04-28,100.14199829101562,TTF
2022-04-29,99.4499969482422,TTF
2022-05-02,97.0510025024414,TTF
2022-05-03,99.4260025024414,TTF
2022-05-04,103.8209991455078,TTF
2022-05-05,106.50800323486328,TTF
2022-05-06,101.70800018310548,TTF
2022-05-09,93.78700256347656,TTF
2022-05-10,98.8010025024414,TTF
2022-05-11,94.01200103759766,TTF
2022-05-12,106.70099639892578,TTF
2022-05-13,96.88099670410156,TTF
2022-05-16,92.86000061035156,TTF
2022-05-17,94.1750030517578,TTF
2022-05-18,94.53800201416016,TTF
2022-05-19,91.02400207519533,TTF
2022-05-20,87.9020004272461,TTF
2022-05-23,83.28800201416016,TTF
2022-05-24,84.50700378417969,TTF
2022-05-25,88.0780029296875,TTF
2022-05-26,85.97100067138672,TTF
2022-05-27,86.875,TTF
2022-05-31,94.00399780273438,TTF
2022-06-01,85.5510025024414,TTF
2022-06-02,83.94499969482422,TTF
2022-06-03,83.10099792480469,TTF
2022-06-06,82.55799865722656,TTF
2022-06-07,79.60800170898438,TTF
2022-06-08,79.40699768066406,TTF
2022-06-09,84.87999725341797,TTF
2022-06-10,82.46399688720703,TTF
2022-06-13,83.4020004272461,TTF
2022-06-14,97.04000091552734,TTF
2022-06-15,120.33200073242188,TTF
2022-06-16,124.36399841308594,TTF
2022-06-17,117.73799896240234,TTF
2022-06-21,125.55999755859376,TTF
2022-06-22,127.1709976196289,TTF
2022-06-23,133.3470001220703,TTF
2022-06-24,128.5050048828125,TTF
2022-06-27,129.45899963378906,TTF
2022-06-28,129.17599487304688,TTF
2022-06-29,139.58799743652344,TTF
2022-06-30,144.51400756835938,TTF
2022-07-01,147.78399658203125,TTF
2022-07-05,165.072998046875,TTF
2022-07-06,170.99899291992188,TTF
2022-07-07,183.18299865722656,TTF
2022-07-08,175.21200561523438,TTF
2022-07-11,164.52000427246094,TTF
2022-07-12,172.60899353027344,TTF
2022-07-13,180.5050048828125,TTF
2022-07-14,175.0330047607422,TTF
2022-07-15,159.56700134277344,TTF
2022-07-18,157.25799560546875,TTF
2022-07-19,154.45700073242188,TTF
2022-07-20,155.03799438476562,TTF
2022-07-21,155.60000610351562,TTF
2022-07-22,159.86399841308594,TTF
2022-07-25,176.61599731445312,TTF
2022-07-26,199.91799926757812,TTF
2022-07-27,205.2250061035156,TTF
2022-07-28,198.92999267578125,TTF
2022-07-29,190.9149932861328,TTF
2022-08-01,200.79400634765625,TTF
2022-08-02,205.1739959716797,TTF
2022-08-03,199.19500732421875,TTF
2022-08-04,199.2480010986328,TTF
2022-08-05,196.32000732421875,TTF
2022-08-08,193.05499267578125,TTF
2022-08-09,192.1840057373047,TTF
2022-08-10,205.36700439453125,TTF
2022-08-11,208.11000061035156,TTF
2022-08-12,206.1080017089844,TTF
2022-08-15,220.11000061035156,TTF
2022-08-16,225.91400146484375,TTF
2022-08-17,225.8350067138672,TTF
2022-08-18,241.0039978027344,TTF
2022-08-19,244.5500030517578,TTF
2022-08-22,276.74798583984375,TTF
2022-08-23,269.04901123046875,TTF
2022-08-24,292.1499938964844,TTF
2022-08-25,321.41400146484375,TTF
2022-08-26,339.1960144042969,TTF
2022-08-29,272.6029968261719,TTF
2022-08-30,252.93699645996097,TTF
2022-08-31,239.9069976806641,TTF
2022-09-01,243.0039978027344,TTF
2022-09-02,214.6649932861328,TTF
2022-09-06,239.8419952392578,TTF
2022-09-07,213.88299560546875,TTF
2022-09-08,220.54100036621097,TTF
2022-09-09,207.09100341796875,TTF
2022-09-12,190.58799743652344,TTF
2022-09-13,198.61199951171875,TTF
2022-09-14,217.8820037841797,TTF
2022-09-15,214.2830047607422,TTF
2022-09-16,187.79299926757812,TTF
2022-09-19,182.26199340820312,TTF
2022-09-20,194.25900268554688,TTF
2022-09-21,189.781005859375,TTF
2022-09-22,187.4680023193359,TTF
2022-09-23,185.4949951171875,TTF
2022-09-26,173.83399963378906,TTF
2022-09-27,186.0989990234375,TTF
2022-09-28,207.18699645996097,TTF
2022-09-29,187.6649932861328,TTF
2022-09-30,188.8000030517578,TTF
2022-10-03,169.91200256347656,TTF
2022-10-04,161.9499969482422,TTF
2022-10-05,173.6929931640625,TTF
2022-10-06,175.71200561523438,TTF
2022-10-07,156.20700073242188,TTF
2022-10-10,154.1179962158203,TTF
2022-10-11,156.781005859375,TTF
2022-10-12,160.19000244140625,TTF
2022-10-13,153.8090057373047,TTF
2022-10-14,141.9969940185547,TTF
2022-10-17,127.97799682617188,TTF
2022-10-18,113.22200012207033,TTF
2022-10-19,112.51000213623048,TTF
2022-10-20,127.14700317382812,TTF
2022-10-21,113.57599639892578,TTF
2022-10-24,99.16999816894533,TTF
2022-10-25,99.79399871826172,TTF
2022-10-26,104.31999969482422,TTF
2022-10-27,107.38400268554688,TTF
2022-10-28,112.24400329589844,TTF
2022-10-31,123.35199737548828,TTF
2022-11-01,116.19300079345705,TTF
2022-11-02,125.86299896240234,TTF
2022-11-03,125.44499969482422,TTF
2022-11-04,114.78600311279295,TTF
2022-11-07,109.68299865722656,TTF
2022-11-08,118.14700317382812,TTF
2022-11-09,113.1439971923828,TTF
2022-11-10,113.4520034790039,TTF
2022-11-11,97.85299682617188,TTF
2022-11-14,113.7040023803711,TTF
2022-11-15,124.10399627685548,TTF
2022-11-16,113.9000015258789,TTF
2022-11-17,112.55599975585938,TTF
2022-11-18,115.50900268554688,TTF
2022-11-21,116.12799835205078,TTF
2022-11-22,119.63899993896484,TTF
2022-11-23,129.6199951171875,TTF
2022-11-25,124.37000274658205,TTF
2022-11-28,123.28199768066406,TTF
2022-11-29,132.28599548339844,TTF
2022-11-30,146.39700317382812,TTF
2022-12-01,139.25799560546875,TTF
2022-12-02,135.56199645996094,TTF
2022-12-05,134.69900512695312,TTF
2022-12-06,138.48800659179688,TTF
2022-12-07,149.2449951171875,TTF
2022-12-08,138.89300537109375,TTF
2022-12-09,139.11300659179688,TTF
2022-12-12,136.58999633789062,TTF
2022-12-13,137.5290069580078,TTF
2022-12-14,131.51100158691406,TTF
2022-12-15,134.76699829101562,TTF
2022-12-16,115.45099639892578,TTF
2022-12-19,108.54299926757812,TTF
2022-12-20,105.68800354003906,TTF
2022-12-21,97.7519989013672,TTF
2022-12-22,91.93800354003906,TTF
2022-12-23,82.97699737548828,TTF
2022-12-27,80.04299926757812,TTF
2022-12-28,81.35099792480469,TTF
2022-12-29,83.83000183105469,TTF
2022-12-30,76.31500244140625,TTF
2023-01-03,72.31400299072266,TTF
2023-01-04,65.02200317382812,TTF
2023-01-05,72.4219970703125,TTF
2023-01-06,69.53399658203125,TTF
2023-01-09,74.302001953125,TTF
2023-01-10,70.07099914550781,TTF
2023-01-11,65.34600067138672,TTF
2023-01-12,66.80899810791016,TTF
2023-01-13,64.81199645996094,TTF
2023-01-17,60.06100082397461,TTF
2023-01-18,61.70899963378906,TTF
2023-01-19,60.71699905395508,TTF
2023-01-20,66.89800262451172,TTF
2023-01-23,65.9990005493164,TTF
2023-01-24,58.26900100708008,TTF
2023-01-25,56.65999984741211,TTF
2023-01-26,54.814998626708984,TTF
2023-01-27,55.42499923706055,TTF
2023-01-30,55.15599822998047,TTF
2023-01-31,57.35200119018555,TTF
2023-02-01,59.527000427246094,TTF
2023-02-02,57.040000915527344,TTF
2023-02-03,57.88899993896485,TTF
2023-02-06,58.10900115966797,TTF
2023-02-07,55.40299987792969,TTF
2023-02-08,53.6870002746582,TTF
2023-02-09,52.73400115966797,TTF
2023-02-10,53.946998596191406,TTF
2023-02-13,51.707000732421875,TTF
2023-02-14,52.38600158691406,TTF
2023-02-15,54.71599960327149,TTF
2023-02-16,52.01100158691406,TTF
2023-02-17,49.047000885009766,TTF
2023-02-21,48.54199981689453,TTF
2023-02-22,50.56800079345703,TTF
2023-02-23,50.779998779296875,TTF
2023-02-24,51.01300048828125,TTF
2023-02-27,47.29899978637695,TTF
2023-02-28,46.665000915527344,TTF
2023-03-01,47.08399963378906,TTF
2023-03-02,46.814998626708984,TTF
2023-03-03,44.97999954223633,TTF
2023-03-06,42.14899826049805,TTF
2023-03-07,43.369998931884766,TTF
2023-03-08,42.3390007019043,TTF
2023-03-09,43.5989990234375,TTF
2023-03-10,52.85699844360352,TTF
2023-03-13,49.58399963378906,TTF
2023-03-14,44.185001373291016,TTF
2023-03-15,42.904998779296875,TTF
2023-03-16,44.34099960327149,TTF
2023-03-17,42.85699844360352,TTF
2023-03-20,39.32500076293945,TTF
2023-03-21,42.400001525878906,TTF
2023-03-22,39.974998474121094,TTF
2023-03-23,43.18600082397461,TTF
2023-03-24,41.09400177001953,TTF
2023-03-27,42.52799987792969,TTF
2023-03-28,42.75199890136719,TTF
2023-03-29,42.803001403808594,TTF
2023-03-30,43.60900115966797,TTF
2023-03-31,47.845001220703125,TTF
2023-04-03,51.367000579833984,TTF
2023-04-04,46.56800079345703,TTF
2023-04-05,44.57500076293945,TTF
2023-04-06,43.125,TTF
2023-04-10,43.125,TTF
2023-04-11,43.69200134277344,TTF
2023-04-12,42.880001068115234,TTF
2023-04-13,42.09299850463867,TTF
2023-04-14,41.14899826049805,TTF
2023-04-17,41.12699890136719,TTF
2023-04-18,42.72200012207031,TTF
2023-04-19,40.29800033569336,TTF
2023-04-20,40.564998626708984,TTF
2023-04-21,40.16400146484375,TTF
2023-04-24,39.92499923706055,TTF
2023-04-25,39.83300018310547,TTF
2023-04-26,38.55099868774414,TTF
2023-04-27,39.03900146484375,TTF
2023-04-28,38.53799819946289,TTF
2023-05-01,38.83399963378906,TTF
2023-05-02,37.52899932861328,TTF
2023-05-03,36.78200149536133,TTF
2023-05-04,35.65299987792969,TTF
2023-05-05,36.57400131225586,TTF
2023-05-08,36.874000549316406,TTF
2023-05-09,35.95000076293945,TTF
2023-05-10,34.99300003051758,TTF
2023-05-11,34.99300003051758,TTF
2023-05-12,32.766998291015625,TTF
2023-05-15,32.31399917602539,TTF
2023-05-16,31.820999145507812,TTF
2023-05-17,31.95299911499023,TTF
2023-05-18,29.78499984741211,TTF
2023-05-19,30.176000595092773,TTF
2023-05-22,29.711000442504883,TTF
2023-05-23,29.12700080871582,TTF
2023-05-24,27.78499984741211,TTF
2023-05-25,25.45199966430664,TTF
2023-05-26,24.520000457763672,TTF
2023-05-30,24.680999755859375,TTF
2023-05-31,26.85199928283691,TTF
2023-06-01,23.10300064086914,TTF
2023-06-02,23.68899917602539,TTF
2023-06-05,28.47800064086914,TTF
2023-06-06,24.86000061035156,TTF
2023-06-07,26.33099937438965,TTF
2023-06-08,26.94499969482422,TTF
2023-06-09,32.04899978637695,TTF
2023-06-12,31.035999298095703,TTF
2023-06-13,36.05099868774414,TTF
2023-06-14,38.3120002746582,TTF
2023-06-15,41.14500045776367,TTF
2023-06-16,35.007999420166016,TTF
2023-06-20,38.70800018310547,TTF
2023-06-21,36.74300003051758,TTF
2023-06-22,34.09700012207031,TTF
2023-06-23,32.50699996948242,TTF
2023-06-26,31.975000381469727,TTF
2023-06-27,34.50600051879883,TTF
2023-06-28,34.125,TTF
2023-06-29,35.18000030517578,TTF
2023-06-30,37.10300064086914,TTF
2023-07-03,33.92900085449219,TTF
2023-07-05,34.37300109863281,TTF
2023-07-06,32.347999572753906,TTF
2023-07-07,33.47800064086914,TTF
2023-07-10,30.22699928283691,TTF
2023-07-11,29.06100082397461,TTF
2023-07-12,26.638999938964844,TTF
2023-07-13,26.60700035095215,TTF
2023-07-14,25.957000732421875,TTF
2023-07-17,25.10099983215332,TTF
2023-07-18,27.069000244140625,TTF
2023-07-19,26.96299934387207,TTF
2023-07-20,28.01799964904785,TTF
2023-07-21,28.163999557495117,TTF
2023-07-24,30.55699920654297,TTF
2023-07-25,32.64799880981445,TTF
2023-07-26,29.274999618530273,TTF
2023-07-27,28.43400001525879,TTF
2023-07-28,25.840999603271484,TTF
2023-07-31,28.36599922180176,TTF
2023-08-01,27.12299919128418,TTF
2023-08-02,28.742000579833984,TTF
2023-08-03,30.472999572753903,TTF
2023-08-04,28.85300064086914,TTF
2023-08-07,30.48699951171875,TTF
2023-08-08,31.06599998474121,TTF
2023-08-09,39.823001861572266,TTF
2023-08-10,37.055999755859375,TTF
2023-08-11,35.29999923706055,TTF
2023-08-14,34.433998107910156,TTF
2023-08-15,38.8129997253418,TTF
2023-08-16,37.78400039672851,TTF
2023-08-17,36.82500076293945,TTF
2023-08-18,36.40999984741211,TTF
2023-08-21,40.78200149536133,TTF
2023-08-22,42.90800094604492,TTF
2023-08-23,36.7859992980957,TTF
2023-08-24,31.937999725341797,TTF
2023-08-25,34.777000427246094,TTF
2023-08-28,38.41400146484375,TTF
2023-08-29,35.19499969482422,TTF
2023-08-30,35.992000579833984,TTF
2023-08-31,35.02899932861328,TTF
2023-09-01,35.617000579833984,TTF
2023-09-05,34.44900131225586,TTF
2023-09-06,31.075000762939453,TTF
2023-09-07,32.755001068115234,TTF
2023-09-08,34.507999420166016,TTF
2023-09-11,35.847999572753906,TTF
2023-09-12,34.70100021362305,TTF
2023-09-13,36.81700134277344,TTF
2023-09-14,35.520999908447266,TTF
2023-09-15,36.483001708984375,TTF
2023-09-18,34.474998474121094,TTF
2023-09-19,36.78200149536133,TTF
2023-09-20,37.28400039672851,TTF
2023-09-21,39.10499954223633,TTF
2023-09-22,39.79100036621094,TTF
2023-09-25,44.44200134277344,TTF
2023-09-26,40.321998596191406,TTF
2023-09-27,39.29600143432617,TTF
2023-09-28,39.73600006103515,TTF
2023-09-29,41.85900115966797,TTF
2023-10-02,39.334999084472656,TTF
2023-10-03,36.98699951171875,TTF
2023-10-04,38.44100189208984,TTF
2023-10-05,36.207000732421875,TTF
2023-10-06,38.23099899291992,TTF
2023-10-09,43.952999114990234,TTF
2023-10-10,49.45500183105469,TTF
2023-10-11,46.06800079345703,TTF
2023-10-12,53.00199890136719,TTF
2023-10-13,53.98199844360352,TTF
2023-10-16,48.46699905395508,TTF
2023-10-17,48.895999908447266,TTF
2023-10-18,50.83300018310547,TTF
2023-10-19,50.172000885009766,TTF
2023-10-20,51.11199951171875,TTF
2023-10-23,51.2760009765625,TTF
2023-10-24,49.26399993896485,TTF
2023-10-25,49.92399978637695,TTF
2023-10-26,50.80899810791016,TTF
2023-10-27,50.53200149536133,TTF
2023-10-30,50.547000885009766,TTF
2023-10-31,48.00600051879883,TTF
2023-11-01,47.75699996948242,TTF
2023-11-02,48.56399917602539,TTF
2023-11-03,48.05699920654297,TTF
2023-11-06,44.832000732421875,TTF
2023-11-07,46.05699920654297,TTF
2023-11-08,45.777000427246094,TTF
2023-11-09,48.12900161743164,TTF
2023-11-10,46.63199996948242,TTF
2023-11-13,47.87300109863281,TTF
2023-11-14,47.608001708984375,TTF
2023-11-15,47.0369987487793,TTF
2023-11-16,45.8489990234375,TTF
2023-11-17,45.06399917602539,TTF
2023-11-20,45.82099914550781,TTF
2023-11-21,44.064998626708984,TTF
2023-11-22,44.61600112915039,TTF
2023-11-23,46.58000183105469,TTF
2023-11-24,46.65700149536133,TTF
2023-11-27,43.98400115966797,TTF
2023-11-28,42.77399826049805,TTF
2023-11-29,40.36000061035156,TTF
2023-11-30,42.09099960327149,TTF
2023-12-01,43.49599838256836,TTF
2023-12-04,40.104000091552734,TTF
2023-12-05,38.132999420166016,TTF
2023-12-06,39.3129997253418,TTF
2023-12-07,39.96799850463867,TTF
2023-12-08,38.597999572753906,TTF
2023-12-11,36.11800003051758,TTF
2023-12-12,34.702999114990234,TTF
2023-12-13,35.8120002746582,TTF
2023-12-14,34.849998474121094,TTF
2023-12-15,33.18899917602539,TTF
2023-12-18,35.52199935913086,TTF
2023-12-19,32.56800079345703,TTF
2023-12-20,33.520999908447266,TTF
2023-12-21,34.202999114990234,TTF
2023-12-22,34.17399978637695,TTF
2023-12-26,34.17399978637695,TTF
2023-12-27,35.51300048828125,TTF
2023-12-28,33.10499954223633,TTF
2023-12-29,32.349998474121094,TTF
2024-01-02,30.57200050354004,TTF
2024-01-03,32.79499816894531,TTF
2024-01-04,33.40999984741211,TTF
2024-01-05,34.55099868774414,TTF
2024-01-08,31.579999923706055,TTF
2024-01-09,30.641000747680664,TTF
2024-01-10,30.941999435424805,TTF
2024-01-11,30.816999435424805,TTF
2024-01-12,31.99099922180176,TTF
2024-01-16,29.6560001373291,TTF
2024-01-17,27.70800018310547,TTF
2024-01-18,27.89299964904785,TTF
2024-01-19,28.429000854492188,TTF
2024-01-22,27.263999938964844,TTF
2024-01-23,27.22699928283691,TTF
2024-01-24,28.929000854492188,TTF
2024-01-25,27.784000396728516,TTF
2024-01-26,28.07900047302246,TTF
2024-01-29,28.173999786376953,TTF
2024-01-30,29.391000747680664,TTF
2024-01-31,30.23500061035156,TTF
2024-02-01,28.99099922180176,TTF
2024-02-02,29.304000854492188,TTF
2024-02-05,28.340999603271484,TTF
2024-02-06,28.60700035095215,TTF
2024-02-07,28.18600082397461,TTF
2024-02-08,27.812000274658203,TTF
2024-02-09,27.117000579833984,TTF
2024-02-12,25.729000091552734,TTF
2024-02-13,25.43600082397461,TTF
2024-02-14,24.85700035095215,TTF
2024-02-15,24.965999603271484,TTF
2024-02-16,24.82200050354004,TTF
2024-02-20,24.167999267578125,TTF
2024-02-21,23.97699928283691,TTF
2024-02-22,23.19300079345703,TTF
2024-02-23,22.93400001525879,TTF
2024-02-26,24.00900077819824,TTF
2024-02-27,24.392000198364254,TTF
2024-02-28,25.618999481201172,TTF
2024-02-29,24.864999771118164,TTF
2024-03-01,25.80900001525879,TTF
2024-03-04,26.885000228881836,TTF
2024-03-05,27.468000411987305,TTF
2024-03-06,26.57200050354004,TTF
2024-03-07,25.992000579833984,TTF
2024-03-08,26.392000198364254,TTF
2024-03-11,24.93000030517578,TTF
2024-03-12,24.774999618530273,TTF
2024-03-13,24.902999877929688,TTF
2024-03-14,26.048999786376953,TTF
2024-03-15,27.025999069213867,TTF
2024-03-18,28.82200050354004,TTF
2024-03-19,28.86599922180176,TTF
2024-03-20,27.742000579833984,TTF
2024-03-21,26.402000427246097,TTF
2024-03-22,27.775999069213867,TTF
2024-03-25,28.48900032043457,TTF
2024-03-26,27.131999969482425,TTF
2024-03-27,27.687000274658203,TTF
2024-03-28,27.34000015258789,TTF
2024-04-02,26.20299911499023,TTF
2024-04-03,25.562999725341797,TTF
2024-04-04,26.20599937438965,TTF
2024-04-05,26.606000900268555,TTF
2024-04-08,27.90800094604492,TTF
2024-04-09,27.35099983215332,TTF
2024-04-10,27.100000381469727,TTF
2024-04-11,29.37700080871582,TTF
2024-04-12,30.73200035095215,TTF
2024-04-15,31.14299964904785,TTF
2024-04-16,33.138999938964844,TTF
2024-04-17,31.288999557495117,TTF
2024-04-18,32.308998107910156,TTF
2024-04-19,30.757999420166016,TTF
2024-04-22,29.309999465942383,TTF
2024-04-23,28.41699981689453,TTF
2024-04-24,29.01799964904785,TTF
2024-04-25,29.770999908447266,TTF
2024-04-26,28.88599967956543,TTF
2024-04-29,27.993999481201172,TTF
2024-04-30,29.118000030517575,TTF
2024-05-01,28.729999542236328,TTF
2024-05-02,30.913000106811523,TTF
2024-05-03,30.527999877929688,TTF
2024-05-06,31.801000595092773,TTF
2024-05-07,31.066999435424805,TTF
2024-05-08,30.608999252319336,TTF
2024-05-09,30.864999771118164,TTF
2024-05-10,30.02899932861328,TTF
2024-05-13,29.57799911499023,TTF
2024-05-14,29.66900062561035,TTF
2024-05-15,29.733999252319336,TTF
2024-05-16,30.24799919128418,TTF
2024-05-17,30.768999099731445,TTF
2024-05-20,31.76799964904785,TTF
2024-05-21,33.00400161743164,TTF
2024-05-22,34.388999938964844,TTF
2024-05-23,35.22800064086914,TTF
2024-05-24,34.1150016784668,TTF
2024-05-28,33.534000396728516,TTF
2024-05-29,33.87900161743164,TTF
2024-05-30,35.19200134277344,TTF
2024-05-31,34.222999572753906,TTF
2024-06-03,36.013999938964844,TTF
2024-06-04,33.797000885009766,TTF
2024-06-05,33.35499954223633,TTF
2024-06-06,33.68600082397461,TTF
2024-06-07,33.10900115966797,TTF
2024-06-10,34.257999420166016,TTF
2024-06-11,34.28499984741211,TTF
2024-06-12,35.29399871826172,TTF
2024-06-13,35.7239990234375,TTF
2024-06-14,35.36000061035156,TTF
2024-06-17,34.209999084472656,TTF
2024-06-18,34.70000076293945,TTF
2024-06-20,34.4640007019043,TTF
2024-06-21,33.93600082397461,TTF
2024-06-24,34.08000183105469,TTF
2024-06-25,34.85300064086914,TTF
2024-06-26,33.82400131225586,TTF
2024-06-27,34.564998626708984,TTF
2024-06-28,34.47999954223633,TTF
2024-07-01,33.48500061035156,TTF
2024-07-02,33.685001373291016,TTF
2024-07-03,32.691001892089844,TTF
2024-07-05,33.06700134277344,TTF
2024-07-08,32.2859992980957,TTF
2024-07-09,31.334999084472656,TTF
2024-07-10,30.784000396728516,TTF
2024-07-11,31.11199951171875,TTF
2024-07-12,31.7189998626709,TTF
2024-07-15,31.371000289916992,TTF
2024-07-16,32.797000885009766,TTF
2024-07-17,31.89299964904785,TTF
2024-07-18,32.67399978637695,TTF
2024-07-19,32.16999816894531,TTF
2024-07-22,31.839000701904297,TTF
2024-07-23,31.621999740600582,TTF
2024-07-24,32.62099838256836,TTF
2024-07-25,31.77899932861328,TTF
2024-07-26,32.474998474121094,TTF
2024-07-29,33.87300109863281,TTF
2024-07-30,34.361000061035156,TTF
2024-07-31,35.86800003051758,TTF
2024-08-01,36.96900177001953,TTF
2024-08-02,36.64899826049805,TTF
2024-08-05,35.49800109863281,TTF
2024-08-06,36.67599868774414,TTF
2024-08-07,38.45100021362305,TTF
2024-08-08,40.095001220703125,TTF
2024-08-09,40.395999908447266,TTF
2024-08-12,39.65800094604492,TTF
2024-08-13,39.47999954223633,TTF
2024-08-14,38.96699905395508,TTF
2024-08-15,39.60100173950195,TTF
2024-08-16,39.64400100708008,TTF
2024-08-19,39.845001220703125,TTF
2024-08-20,37.957000732421875,TTF
2024-08-21,37.0099983215332,TTF
2024-08-22,36.58700180053711,TTF
2024-08-23,36.862998962402344,TTF
2024-08-26,37.65599822998047,TTF
2024-08-27,38.68899917602539,TTF
2024-08-28,38.52000045776367,TTF
2024-08-29,38.60100173950195,TTF
2024-08-30,39.823001861572266,TTF
2024-09-03,37.19300079345703,TTF
2024-09-04,35.79800033569336,TTF
2024-09-05,36.19499969482422,TTF
2024-09-06,36.479000091552734,TTF
2024-09-09,37.33300018310547,TTF
2024-09-10,35.28200149536133,TTF
2024-09-11,36.141998291015625,TTF
2024-09-12,35.191001892089844,TTF
2024-09-13,35.64799880981445,TTF
2024-09-16,34.08100128173828,TTF
2024-09-17,35.547000885009766,TTF
2024-09-18,35.244998931884766,TTF
2024-09-19,33.08300018310547,TTF
2024-09-20,34.444000244140625,TTF
2024-09-23,36.21099853515625,TTF
2024-09-24,35.41299819946289,TTF
2024-09-25,37.319000244140625,TTF
2024-09-26,37.88999938964844,TTF
2024-09-27,38.11399841308594,TTF
2024-09-30,39.04399871826172,TTF
2024-10-01,39.27299880981445,TTF
2024-10-02,38.617000579833984,TTF
2024-10-03,39.9119987487793,TTF
2024-10-04,40.97999954223633,TTF
2024-10-07,40.24399948120117,TTF
2024-10-08,38.91899871826172,TTF
2024-10-09,38.34099960327149,TTF
2024-10-10,40.292999267578125,TTF
2024-10-11,39.87900161743164,TTF
2024-10-14,40.55899810791016,TTF
2024-10-15,39.972999572753906,TTF
2024-10-16,39.24100112915039,TTF
2024-10-17,39.650001525878906,TTF
2024-10-18,39.20399856567383,TTF
2024-10-21,40.02399826049805,TTF
2024-10-22,40.70399856567383,TTF
2024-10-23,41.380001068115234,TTF
2024-10-24,42.15399932861328,TTF
2024-10-25,43.51300048828125,TTF
2024-10-28,42.51900100708008,TTF
2024-10-29,42.86899948120117,TTF
2024-10-30,40.90299987792969,TTF
2024-10-31,40.5880012512207,TTF
2024-11-01,39.17499923706055,TTF
2024-11-04,40.30099868774414,TTF
2024-11-05,40.492000579833984,TTF
2024-11-06,40.38800048828125,TTF
2024-11-07,41.2760009765625,TTF
2024-11-08,42.40900039672851,TTF
2024-11-11,43.72800064086914,TTF
2024-11-12,44.255001068115234,TTF
2024-11-13,43.66600036621094,TTF
2024-11-14,46.2239990234375,TTF
2024-11-15,46.55099868774414,TTF
2024-11-18,46.900001525878906,TTF
2024-11-19,45.667999267578125,TTF
2024-11-20,46.79600143432617,TTF
2024-11-21,48.303001403808594,TTF
2024-11-22,47.01800155639648,TTF
2024-11-25,47.733001708984375,TTF
2024-11-26,47.21599960327149,TTF
2024-11-27,46.762001037597656,TTF
2024-11-29,47.81100082397461,TTF
2024-12-02,48.654998779296875,TTF
2024-12-03,48.55699920654297,TTF
2024-12-04,47.04600143432617,TTF
2024-12-05,46.55099868774414,TTF
2024-12-06,46.47999954223633,TTF
2024-12-09,44.85499954223633,TTF
2024-12-10,45.551998138427734,TTF
2024-12-11,44.694000244140625,TTF
2024-12-12,42.80400085449219,TTF
2024-12-13,41.21500015258789,TTF
2024-12-16,40.277000427246094,TTF
2024-12-17,42.064998626708984,TTF
2024-12-18,41.00699996948242,TTF
2024-12-19,43.077999114990234,TTF
2024-12-20,44.130001068115234,TTF
2024-12-23,45.54499816894531,TTF
2024-12-24,45.73099899291992,TTF
2024-12-26,45.73099899291992,TTF
2024-12-27,47.73099899291992,TTF
2024-12-30,47.632999420166016,TTF
2024-12-31,48.88899993896485,TTF
2025-01-02,50.27299880981445,TTF
2025-01-03,49.62200164794922,TTF
2025-01-06,47.32600021362305,TTF
2025-01-07,47.4739990234375,TTF
2025-01-08,45.55899810791016,TTF
2025-01-09,44.98699951171875,TTF
2025-01-10,45.007999420166016,TTF
2025-01-13,48.26100158691406,TTF
2025-01-14,46.946998596191406,TTF
2025-01-15,47.00600051879883,TTF
2025-01-16,46.24100112915039,TTF
2025-01-17,46.887001037597656,TTF
2025-01-21,50.027000427246094,TTF
2025-01-22,48.71599960327149,TTF
2025-01-23,49.12300109863281,TTF
2025-01-24,49.70199966430664,TTF
2025-01-27,47.86199951171875,TTF
2025-01-28,48.2239990234375,TTF
2025-01-29,51.15599822998047,TTF
2025-01-30,51.72600173950195,TTF
2025-01-31,53.23699951171875,TTF
2025-02-03,53.79399871826172,TTF
2025-02-04,52.04800033569336,TTF
2025-02-05,53.4379997253418,TTF
2025-02-06,54.50199890136719,TTF
2025-02-07,55.722999572753906,TTF
2025-02-10,58.03900146484375,TTF
2025-02-11,57.76599884033203,TTF
2025-02-12,55.6609992980957,TTF
2025-02-13,51.382999420166016,TTF
2025-02-14,50.685001373291016,TTF
2025-02-18,49.21500015258789,TTF
2025-02-19,48.26399993896485,TTF
2025-02-20,47.49399948120117,TTF
2025-02-21,47.19499969482422,TTF
2025-02-24,47.14400100708008,TTF
2025-02-25,44.29100036621094,TTF
2025-02-26,41.33599853515625,TTF
2025-02-27,44.93000030517578,TTF
2025-02-28,44.31999969482422,TTF
2025-03-03,45.2130012512207,TTF
2025-03-04,43.4640007019043,TTF
2025-03-05,41.507999420166016,TTF
2025-03-06,38.2400016784668,TTF
2025-03-07,39.97100067138672,TTF
2025-03-10,41.23199844360352,TTF
2025-03-11,42.709999084472656,TTF
2025-03-12,42.25400161743164,TTF
2025-03-13,42.07600021362305,TTF
2025-03-14,42.290000915527344,TTF
2025-03-17,41.24800109863281,TTF
2025-03-18,40.755001068115234,TTF
2025-03-19,43.35499954223633,TTF
2025-03-20,42.85499954223633,TTF
2025-03-21,42.60499954223633,TTF
2025-03-24,42.74800109863281,TTF
2025-03-25,41.55500030517578,TTF
2025-03-26,40.869998931884766,TTF
2025-03-27,41.20199966430664,TTF
2025-03-28,40.58700180053711,TTF
2025-03-31,40.66699981689453,TTF
2025-04-01,42.45000076293945,TTF
2025-04-02,41.26300048828125,TTF
2025-04-03,39.202999114990234,TTF
2025-04-04,36.4010009765625,TTF
2025-04-07,37.0,TTF
2025-04-08,36.23099899291992,TTF
2025-04-09,33.66600036621094,TTF
2025-04-10,33.292999267578125,TTF
2025-04-11,33.4630012512207,TTF
2025-04-14,34.499000549316406,TTF
2025-04-15,34.40700149536133,TTF
2025-04-16,35.3120002746582,TTF
2025-04-17,35.65700149536133,TTF
2025-04-21,35.65700149536133,TTF
2025-04-22,34.24399948120117,TTF
2025-04-23,34.15999984741211,TTF
2025-04-24,33.57400131225586,TTF
2025-04-25,32.43199920654297,TTF
2025-04-28,32.39799880981445,TTF
2025-04-29,31.856000900268555,TTF
2025-04-30,32.31700134277344,TTF
2025-05-01,32.14899826049805,TTF
2025-05-02,33.077999114990234,TTF
2025-05-05,32.93000030517578,TTF
2025-05-06,34.74300003051758,TTF
2025-05-07,34.53099822998047,TTF
2025-05-08,35.340999603271484,TTF
2025-05-09,34.61800003051758,TTF
2025-05-12,35.38999938964844,TTF
2025-05-13,35.74399948120117,TTF
2025-05-14,35.04800033569336,TTF
2025-05-15,35.29399871826172,TTF
2025-05-16,35.15599822998047,TTF
2025-05-19,35.224998474121094,TTF
2025-05-20,36.979000091552734,TTF
2025-05-21,36.62099838256836,TTF
2025-05-22,36.35599899291992,TTF
2025-05-23,36.45000076293945,TTF
2025-05-27,37.00600051879883,TTF
2025-05-28,36.6870002746582,TTF
2025-05-29,35.15800094604492,TTF
2025-05-30,34.22800064086914,TTF
2025-06-02,35.01499938964844,TTF
2025-06-03,35.847999572753906,TTF
2025-06-04,35.650001525878906,TTF
2025-06-05,36.39300155639648,TTF
2025-06-06,36.250999450683594,TTF
2025-06-09,35.60499954223633,TTF
2025-06-10,34.63800048828125,TTF
2025-06-11,35.91299819946289,TTF
2025-06-12,36.176998138427734,TTF
2025-06-13,37.89400100708008,TTF
2025-06-16,37.90599822998047,TTF
2025-06-17,39.30899810791016,TTF
2025-06-18,38.69300079345703,TTF
2025-06-20,40.92900085449219,TTF
2025-06-23,40.52199935913086,TTF
2025-06-24,35.6150016784668,TTF
2025-06-25,35.4010009765625,TTF
2025-06-26,34.02399826049805,TTF
2025-06-27,33.08700180053711,TTF
2025-06-30,32.89799880981445,TTF
2025-07-01,33.69300079345703,TTF
2025-07-02,33.590999603271484,TTF
2025-07-03,33.62099838256836,TTF
2025-07-04,33.43000030517578,TTF
2025-07-07,33.62099838256836,TTF
2025-07-08,34.21900177001953,TTF
2025-07-09,34.30400085449219,TTF
2025-07-10,35.16999816894531,TTF
2025-07-11,35.56100082397461,TTF
2025-07-14,35.45399856567383,TTF
2025-07-15,34.44499969482422,TTF
2025-07-16,34.808998107910156,TTF
2025-07-17,34.40700149536133,TTF
2025-07-18,33.595001220703125,TTF
2025-07-21,33.159000396728516,TTF
2025-07-22,33.111000061035156,TTF
2025-07-23,32.689998626708984,TTF
2025-07-24,32.358001708984375,TTF
2025-07-25,32.499000549316406,TTF
2025-07-28,32.89899826049805,TTF
2025-07-29,34.10300064086914,TTF
2025-07-30,34.5369987487793,TTF
2025-07-31,35.27899932861328,TTF
2025-08-01,33.97200012207031,TTF
2025-08-04,34.28300094604492,TTF
2025-08-05,34.40599822998047,TTF
2025-08-06,33.25699996948242,TTF
2025-08-07,32.95100021362305,TTF
2025-08-08,32.44599914550781,TTF
2025-08-11,32.999000549316406,TTF
2025-08-12,32.409000396728516,TTF
2025-08-13,32.599998474121094,TTF
2025-08-14,32.14099884033203,TTF
2025-08-15,31.0310001373291,TTF
2025-08-18,31.27199935913086,TTF
2025-08-19,31.22699928283691,TTF
2025-08-20,31.9060001373291,TTF
2025-08-21,33.17499923706055,TTF
2025-08-22,33.573001861572266,TTF
2025-08-25,33.77399826049805,TTF
2025-08-26,33.459999084472656,TTF
2025-08-27,32.55099868774414,TTF
2025-08-28,31.55900001525879,TTF
2025-08-29,31.621999740600582,TTF
2025-09-02,31.77199935913086,TTF
2025-09-03,32.11199951171875,TTF
2025-09-04,32.4119987487793,TTF
2025-09-05,31.9689998626709,TTF
2025-09-08,33.06399917602539,TTF
2025-09-09,32.930999755859375,TTF
2025-09-10,33.12200164794922,TTF
2025-09-11,32.323001861572266,TTF
2025-09-12,32.6619987487793,TTF
2025-09-15,32.15399932861328,TTF
2025-09-16,32.32899856567383,TTF
2025-09-17,32.4010009765625,TTF
2025-09-18,32.95199966430664,TTF
2025-09-19,32.30799865722656,TTF
2025-09-22,31.8439998626709,TTF
2025-09-23,32.26499938964844,TTF
2025-09-24,31.902999877929688,TTF
2025-09-25,32.45600128173828,TTF
2025-09-26,32.696998596191406,TTF
2025-09-29,32.060001373291016,TTF
2025-09-30,31.410999298095703,TTF
2025-10-01,31.334999084472656,TTF
2025-10-02,31.454999923706055,TTF
2025-10-03,31.437999725341797,TTF
2025-10-06,33.11600112915039,TTF
2025-10-07,33.24599838256836,TTF
2025-10-08,32.70000076293945,TTF
2025-10-09,32.362998962402344,TTF
2025-10-10,32.16999816894531,TTF
2025-10-13,31.475000381469727,TTF
2025-10-14,31.801000595092773,TTF
2025-10-15,31.826000213623047,TTF
2025-10-16,32.37799835205078,TTF
2025-10-17,31.81599998474121,TTF
2025-10-20,31.73900032043457,TTF
2025-10-21,32.20000076293945,TTF
2025-10-22,31.76799964904785,TTF
2025-10-23,32.45399856567383,TTF
2025-10-24,32.01599884033203,TTF
2025-10-27,31.399999618530273,TTF
2025-10-28,31.493999481201172,TTF
2025-10-29,31.868999481201172,TTF
2025-10-30,31.04800033569336,TTF
2025-10-31,31.121999740600582,TTF
2025-11-03,31.74099922180176,TTF
2025-11-04,32.55099868774414,TTF
2025-11-05,31.819000244140625,TTF
2025-11-06,31.54800033569336,TTF
2025-11-07,31.201000213623047,TTF
2025-11-10,31.070999145507812,TTF
2025-11-11,31.10199928283691,TTF
2025-11-12,30.933000564575195,TTF
2025-11-13,30.45800018310547,TTF
2025-11-14,31.25,TTF
2025-11-17,31.417999267578125,TTF
2025-11-18,31.694000244140625,TTF
2025-11-19,30.940000534057617,TTF
2025-11-20,31.159000396728516,TTF
2025-11-21,30.197999954223633,TTF
2025-11-24,29.746999740600582,TTF
2025-11-25,29.38599967956543,TTF
2025-11-26,29.368000030517575,TTF
2025-11-28,28.816999435424805,TTF
2025-12-01,28.22699928283691,TTF
2025-12-02,28.049999237060547,TTF
2025-12-03,28.20599937438965,TTF
2025-12-04,27.08799934387207,TTF
2025-12-05,27.266000747680664,TTF
2025-12-08,26.871000289916992,TTF
2025-12-09,27.48900032043457,TTF
2025-12-10,26.60199928283691,TTF
2025-12-11,26.80500030517578,TTF
2025-12-12,27.68400001525879,TTF
2025-12-15,27.424999237060547,TTF
2025-12-16,26.763999938964844,TTF
2025-12-17,27.35700035095215,TTF
2025-12-18,27.652000427246097,TTF
2025-12-19,28.160999298095703,TTF
2025-12-22,27.687000274658203,TTF
2025-12-23,27.73200035095215,TTF
2025-12-24,28.094999313354492,TTF
2025-12-26,28.094999313354492,TTF
2025-12-29,28.534000396728516,TTF
2025-12-30,27.766000747680664,TTF
2025-12-31,28.160999298095703,TTF
2026-01-02,29.003999710083008,TTF
2026-01-05,27.39900016784668,TTF
2026-01-06,28.07200050354004,TTF
2026-01-07,28.777000427246097,TTF
2026-01-08,27.698999404907227,TTF
2026-01-09,28.374000549316406,TTF
2026-01-12,30.246000289916992,TTF
2026-01-13,31.472999572753903,TTF
2026-01-14,31.812999725341797,TTF
2026-01-15,33.15800094604492,TTF
2026-01-16,36.87900161743164,TTF
2026-01-20,35.887001037597656,TTF
2026-01-21,39.20800018310547,TTF
2026-01-22,38.07899856567383,TTF
2026-01-23,40.03900146484375,TTF
2026-01-26,39.11199951171875,TTF
2026-01-27,38.76100158691406,TTF
2026-01-28,38.86100006103515,TTF
2026-01-29,40.112998962402344,TTF
2026-01-30,39.28499984741211,TTF
2026-02-02,33.94499969482422,TTF
2026-02-03,32.86000061035156,TTF
2026-02-04,33.500999450683594,TTF
2026-02-05,33.73500061035156,TTF
2026-02-06,35.694000244140625,TTF
2026-02-09,33.49599838256836,TTF
2026-02-10,31.84600067138672,TTF
2026-02-11,32.16699981689453,TTF
2026-02-12,32.99399948120117,TTF
2026-02-13,32.5,TTF
2026-02-17,29.82200050354004,TTF
2026-02-18,31.481000900268555,TTF
2026-02-19,33.52299880981445,TTF
2026-02-20,32.02899932861328,TTF
2026-02-23,31.833999633789062,TTF
2026-02-24,30.891000747680664,TTF
2026-02-25,31.049999237060547,TTF
