test_hub,test_hub_raw,tokenize_hubs,token_salt_set,algo,server_algo,seed,round,local_epochs,clients_per_round,lr,mu,rmse_ret,mae_ret,rmse_price_implied,mae_price_implied,baseline_rmse_ret,baseline_mae_ret,baseline_rmse_price,baseline_mae_price,baseline_test_rows,mask_clip,mask_bits,privacy_sigma,canary_n,canary_client,canary_rmse,canary_frac,canary_round_eval
8601442705,FIN,1,0,fedavg,fedavg,1,1,5,3,0.001,,0.29200083118150144,0.2559846328829359,17.906413633582623,14.827090402221884,0.11428779548152551,0.06315286692840304,7.220124678931129,3.573620689655172,58,0.0,0,0.05,11,LTU,0.18824337422847748,0.2,1
8601442705,FIN,1,0,fedavg,fedavg,1,2,5,3,0.001,,0.2551008136627529,0.21272851842112342,15.484660250633006,11.981239527517351,0.11428779548152551,0.06315286692840304,7.220124678931129,3.573620689655172,58,0.0,0,0.05,11,LTU,0.2062591314315796,0.2,1
8601442705,FIN,1,0,fedavg,fedavg,1,3,5,3,0.001,,0.2282178832146001,0.18560522506344695,13.825876520581222,10.34059174907927,0.11428779548152551,0.06315286692840304,7.220124678931129,3.573620689655172,58,0.0,0,0.05,11,LTU,0.22417858242988586,0.2,1
8601442705,FIN,1,0,fedavg,fedavg,1,4,5,3,0.001,,0.20674393517203243,0.16287060744171272,12.555889214179265,9.022114409361418,0.11428779548152551,0.06315286692840304,7.220124678931129,3.573620689655172,58,0.0,0,0.05,11,LTU,0.24076291918754578,0.2,1
8601442705,FIN,1,0,fedavg,fedavg,1,5,5,3,0.001,,0.18756941350723583,0.14242038324099948,11.446287338262648,7.862273248277861,0.11428779548152551,0.06315286692840304,7.220124678931129,3.573620689655172,58,0.0,0,0.05,11,LTU,0.25659888982772827,0.2,1
8601442705,FIN,1,0,fedavg,fedavg,1,6,5,3,0.001,,0.16989379456651638,0.12322319100524604,10.451073183850975,6.78881020072308,0.11428779548152551,0.06315286692840304,7.220124678931129,3.573620689655172,58,0.0,0,0.05,11,LTU,0.27161258459091187,0.2,1
8601442705,FIN,1,0,fedavg,fedavg,1,7,5,3,0.001,,0.15614790381505472,0.10762346059772394,9.679358173352167,5.952611959928069,0.11428779548152551,0.06315286692840304,7.220124678931129,3.573620689655172,58,0.0,0,0.05,11,LTU,0.26457250118255615,0.2,1
8601442705,FIN,1,0,fedavg,fedavg,1,8,5,3,0.001,,0.14602484757470957,0.09603059721321815,9.085554291778616,5.332153089750428,0.11428779548152551,0.06315286692840304,7.220124678931129,3.573620689655172,58,0.0,0,0.05,11,LTU,0.2954253852367401,0.2,1
8601442705,FIN,1,0,fedavg,fedavg,1,9,5,3,0.001,,0.1390644959567286,0.08773976195842462,8.648868758204214,4.89260822147953,0.11428779548152551,0.06315286692840304,7.220124678931129,3.573620689655172,58,0.0,0,0.05,11,LTU,0.2723594307899475,0.2,1
8601442705,FIN,1,0,fedavg,fedavg,1,10,5,3,0.001,,0.13314019862796583,0.08181155643953765,8.278633405340459,4.571124352023519,0.11428779548152551,0.06315286692840304,7.220124678931129,3.573620689655172,58,0.0,0,0.05,11,LTU,0.2720348536968231,0.2,1
8601442705,FIN,1,0,fedavg,fedavg,1,11,5,3,0.001,,0.12822908189250848,0.07714995716905206,7.972106795768813,4.308661366153379,0.11428779548152551,0.06315286692840304,7.220124678931129,3.573620689655172,58,0.0,0,0.05,11,LTU,0.3018566370010376,0.2,1
8601442705,FIN,1,0,fedavg,fedavg,1,12,5,3,0.001,,0.1242458213065235,0.07351043101767447,7.735224926735654,4.098899766365002,0.11428779548152551,0.06315286692840304,7.220124678931129,3.573620689655172,58,0.0,0,0.05,11,LTU,0.3016246259212494,0.2,1
8601442705,FIN,1,0,fedavg,fedavg,1,13,5,3,0.001,,0.12129896450872665,0.07070006888534408,7.56709403555216,3.943516760467455,0.11428779548152551,0.06315286692840304,7.220124678931129,3.573620689655172,58,0.0,0,0.05,11,LTU,0.3023904860019684,0.2,1
8601442705,FIN,1,0,fedavg,fedavg,1,14,5,3,0.001,,0.11976774472646229,0.06965578608325249,7.4947410842784175,3.898780610649749,0.11428779548152551,0.06315286692840304,7.220124678931129,3.573620689655172,58,0.0,0,0.05,11,LTU,0.30006200075149536,0.2,1
8601442705,FIN,1,0,fedavg,fedavg,1,15,5,3,0.001,,0.11855794621440038,0.06854582459872573,7.434825387204067,3.8432567529472808,0.11428779548152551,0.06315286692840304,7.220124678931129,3.573620689655172,58,0.0,0,0.05,11,LTU,0.3023504614830017,0.2,1
8601442705,FIN,1,0,fedavg,fedavg,1,16,5,3,0.001,,0.11792918595175907,0.06775603762071114,7.415326955414452,3.8083774986143766,0.11428779548152551,0.06315286692840304,7.220124678931129,3.573620689655172,58,0.0,0,0.05,11,LTU,0.30388879776000977,0.2,1
8601442705,FIN,1,0,fedavg,fedavg,1,17,5,3,0.001,,0.11767539991738611,0.0672782254641161,7.409783791873942,3.7868119219654592,0.11428779548152551,0.06315286692840304,7.220124678931129,3.573620689655172,58,0.0,0,0.05,11,LTU,0.2706128656864166,0.2,1
8601442705,FIN,1,0,fedavg,fedavg,1,18,5,3,0.001,,0.1174422709703162,0.06662916762158194,7.40670440012065,3.7547079862232864,0.11428779548152551,0.06315286692840304,7.220124678931129,3.573620689655172,58,0.0,0,0.05,11,LTU,0.29949072003364563,0.2,1
8601442705,FIN,1,0,fedavg,fedavg,1,19,5,3,0.001,,0.11707052237301287,0.0662237157606608,7.389879859204083,3.739010720166667,0.11428779548152551,0.06315286692840304,7.220124678931129,3.573620689655172,58,0.0,0,0.05,11,LTU,0.2994595170021057,0.2,1
8601442705,FIN,1,0,fedavg,fedavg,1,20,5,3,0.001,,0.11682092870268604,0.06563267122165316,7.382072625689859,3.708707128736479,0.11428779548152551,0.06315286692840304,7.220124678931129,3.573620689655172,58,0.0,0,0.05,11,LTU,0.2665683627128601,0.2,1
8601442705,FIN,1,0,fedavg,fedavg,1,21,5,3,0.001,,0.1166186844917477,0.06544492442656613,7.366712739238989,3.6984246507543945,0.11428779548152551,0.06315286692840304,7.220124678931129,3.573620689655172,58,0.0,0,0.05,11,LTU,0.29626715183258057,0.2,1
8601442705,FIN,1,0,fedavg,fedavg,1,22,5,3,0.001,,0.1162578772021778,0.06497846027496994,7.348928157957973,3.67648129520334,0.11428779548152551,0.06315286692840304,7.220124678931129,3.573620689655172,58,0.0,0,0.05,11,LTU,0.2925957441329956,0.2,1
8601442705,FIN,1,0,fedavg,fedavg,1,23,5,3,0.001,,0.11599683574323551,0.06464562813123158,7.334490956781589,3.657958837522515,0.11428779548152551,0.06315286692840304,7.220124678931129,3.573620689655172,58,0.0,0,0.05,11,LTU,0.2623005509376526,0.2,1
8601442705,FIN,1,0,fedavg,fedavg,1,24,5,3,0.001,,0.11615313882803364,0.06472585810266097,7.347085135892393,3.6643643883127597,0.11428779548152551,0.06315286692840304,7.220124678931129,3.573620689655172,58,0.0,0,0.05,11,LTU,0.2862943112850189,0.2,1
8601442705,FIN,1,0,fedavg,fedavg,1,25,5,3,0.001,,0.11621335780970012,0.06480108221525181,7.353689235604666,3.669213613298433,0.11428779548152551,0.06315286692840304,7.220124678931129,3.573620689655172,58,0.0,0,0.05,11,LTU,0.2574932277202606,0.2,1
8601442705,FIN,1,0,fedavg,fedavg,1,26,5,3,0.001,,0.11619196673648603,0.06482765249504531,7.350166444279797,3.6677764706169746,0.11428779548152551,0.06315286692840304,7.220124678931129,3.573620689655172,58,0.0,0,0.05,11,LTU,0.28456181287765503,0.2,1
8601442705,FIN,1,0,fedavg,fedavg,1,27,5,3,0.001,,0.11617872337599774,0.06469661839545207,7.356051213869761,3.661849224613658,0.11428779548152551,0.06315286692840304,7.220124678931129,3.573620689655172,58,0.0,0,0.05,11,LTU,0.25333261489868164,0.2,1
8601442705,FIN,1,0,fedavg,fedavg,1,28,5,3,0.001,,0.11613551943486064,0.06468205687796681,7.351560408592041,3.6588530791730722,0.11428779548152551,0.06315286692840304,7.220124678931129,3.573620689655172,58,0.0,0,0.05,11,LTU,0.25060659646987915,0.2,1
8601442705,FIN,1,0,fedavg,fedavg,1,29,5,3,0.001,,0.11619654301081588,0.06483583198007245,7.355801108572985,3.6687046182114504,0.11428779548152551,0.06315286692840304,7.220124678931129,3.573620689655172,58,0.0,0,0.05,11,LTU,0.27337437868118286,0.2,1
8601442705,FIN,1,0,fedavg,fedavg,1,30,5,3,0.001,,0.11620202304499601,0.06464200615350976,7.356771038721623,3.655487863172744,0.11428779548152551,0.06315286692840304,7.220124678931129,3.573620689655172,58,0.0,0,0.05,11,LTU,0.2716739773750305,0.2,1
8601442705,FIN,1,0,fedavg,fedavg,1,31,5,3,0.001,,0.11652226909494467,0.06492822714388805,7.373815373667979,3.6704369434693764,0.11428779548152551,0.06315286692840304,7.220124678931129,3.573620689655172,58,0.0,0,0.05,11,LTU,0.2664892077445984,0.2,1
8601442705,FIN,1,0,fedavg,fedavg,1,32,5,3,0.001,,0.11665342162827194,0.06502536781371074,7.386826861014699,3.679318088122483,0.11428779548152551,0.06315286692840304,7.220124678931129,3.573620689655172,58,0.0,0,0.05,11,LTU,0.2663113474845886,0.2,1
8601442705,FIN,1,0,fedavg,fedavg,1,33,5,3,0.001,,0.1164921242674486,0.0648642772691252,7.378463411691252,3.6709144355500567,0.11428779548152551,0.06315286692840304,7.220124678931129,3.573620689655172,58,0.0,0,0.05,11,LTU,0.26213955879211426,0.2,1
8601442705,FIN,1,0,fedavg,fedavg,1,34,5,3,0.001,,0.11651579923130564,0.0649572874912149,7.376019261776874,3.674504434104624,0.11428779548152551,0.06315286692840304,7.220124678931129,3.573620689655172,58,0.0,0,0.05,11,LTU,0.2620636522769928,0.2,1
8601442705,FIN,1,0,fedavg,fedavg,1,35,5,3,0.001,,0.11675340455918562,0.06514741962821753,7.393756601013134,3.687691651807778,0.11428779548152551,0.06315286692840304,7.220124678931129,3.573620689655172,58,0.0,0,0.05,11,LTU,0.2567472457885742,0.2,1
8601442705,FIN,1,0,fedavg,fedavg,1,36,5,3,0.001,,0.11681483848594389,0.06512747647929214,7.397527368484033,3.685626671310129,0.11428779548152551,0.06315286692840304,7.220124678931129,3.573620689655172,58,0.0,0,0.05,11,LTU,0.2584017217159271,0.2,1
8601442705,FIN,1,0,fedavg,fedavg,1,37,5,3,0.001,,0.11701792301010533,0.06544252427983306,7.4040159217842305,3.701232700171142,0.11428779548152551,0.06315286692840304,7.220124678931129,3.573620689655172,58,0.0,0,0.05,11,LTU,0.25282028317451477,0.2,1
8601442705,FIN,1,0,fedavg,fedavg,1,38,5,3,0.001,,0.11688102775520791,0.06535315996082099,7.403408322058264,3.699782949350004,0.11428779548152551,0.06315286692840304,7.220124678931129,3.573620689655172,58,0.0,0,0.05,11,LTU,0.2498771995306015,0.2,1
8601442705,FIN,1,0,fedavg,fedavg,1,39,5,3,0.001,,0.1170984643733198,0.06522496861098576,7.416491675179586,3.6924326925082456,0.11428779548152551,0.06315286692840304,7.220124678931129,3.573620689655172,58,0.0,0,0.05,11,LTU,0.2177978754043579,0.2,1
8601442705,FIN,1,0,fedavg,fedavg,1,40,5,3,0.001,,0.11685699654990751,0.06510970684456847,7.3969988391116726,3.6830713558536163,0.11428779548152551,0.06315286692840304,7.220124678931129,3.573620689655172,58,0.0,0,0.05,11,LTU,0.2143106907606125,0.2,1
8601442705,FIN,1,0,fedavg,fedavg,1,41,5,3,0.001,,0.11691969679701764,0.06485055252891596,7.408133605353636,3.670693805854896,0.11428779548152551,0.06315286692840304,7.220124678931129,3.573620689655172,58,0.0,0,0.05,11,LTU,0.24038074910640717,0.2,1
8601442705,FIN,1,0,fedavg,fedavg,1,42,5,3,0.001,,0.11676191715451925,0.06500105066014181,7.398751693538542,3.680295723544113,0.11428779548152551,0.06315286692840304,7.220124678931129,3.573620689655172,58,0.0,0,0.05,11,LTU,0.23751778900623322,0.2,1
8601442705,FIN,1,0,fedavg,fedavg,1,43,5,3,0.001,,0.11665857645382686,0.06476064406060372,7.389535794879871,3.6646487257727265,0.11428779548152551,0.06315286692840304,7.220124678931129,3.573620689655172,58,0.0,0,0.05,11,LTU,0.2338903844356537,0.2,1
8601442705,FIN,1,0,fedavg,fedavg,1,44,5,3,0.001,,0.11632493358141131,0.0644225611201897,7.36806977050159,3.6443315789000743,0.11428779548152551,0.06315286692840304,7.220124678931129,3.573620689655172,58,0.0,0,0.05,11,LTU,0.1997649222612381,0.2,1
8601442705,FIN,1,0,fedavg,fedavg,1,45,5,3,0.001,,0.11627502002446541,0.06441066307286683,7.371466022299135,3.6483183765822442,0.11428779548152551,0.06315286692840304,7.220124678931129,3.573620689655172,58,0.0,0,0.05,11,LTU,0.22544366121292114,0.2,1
8601442705,FIN,1,0,fedavg,fedavg,1,46,5,3,0.001,,0.11633709534524342,0.0643609432771537,7.37607990999722,3.6445320134656187,0.11428779548152551,0.06315286692840304,7.220124678931129,3.573620689655172,58,0.0,0,0.05,11,LTU,0.22343109548091888,0.2,1
8601442705,FIN,1,0,fedavg,fedavg,1,47,5,3,0.001,,0.11627356997614827,0.06455275436395634,7.366679601691729,3.6541408489891167,0.11428779548152551,0.06315286692840304,7.220124678931129,3.573620689655172,58,0.0,0,0.05,11,LTU,0.18941818177700043,0.2,1
8601442705,FIN,1,0,fedavg,fedavg,1,48,5,3,0.001,,0.11613069651249765,0.06430552046342576,7.361589805152585,3.6404278675985746,0.11428779548152551,0.06315286692840304,7.220124678931129,3.573620689655172,58,0.0,0,0.05,11,LTU,0.18559673428535461,0.2,1
8601442705,FIN,1,0,fedavg,fedavg,1,49,5,3,0.001,,0.11618611544826392,0.06439835341308058,7.364010257202748,3.6445974472411753,0.11428779548152551,0.06315286692840304,7.220124678931129,3.573620689655172,58,0.0,0,0.05,11,LTU,0.18251612782478333,0.2,1
8601442705,FIN,1,0,fedavg,fedavg,1,50,5,3,0.001,,0.11610836740437115,0.06444410126252854,7.35318409873533,3.6440798098003047,0.11428779548152551,0.06315286692840304,7.220124678931129,3.573620689655172,58,0.0,0,0.05,11,LTU,0.20994459092617035,0.2,1
8601442705,FIN,1,0,fedavg,fedavg,1,51,5,3,0.001,,0.11605654987053116,0.06434626642018476,7.355358362726928,3.640337198134126,0.11428779548152551,0.06315286692840304,7.220124678931129,3.573620689655172,58,0.0,0,0.05,11,LTU,0.20793837308883667,0.2,1
8601442705,FIN,1,0,fedavg,fedavg,1,52,5,3,0.001,,0.11597622920670896,0.0643557682066377,7.346069878250882,3.6399739522389294,0.11428779548152551,0.06315286692840304,7.220124678931129,3.573620689655172,58,0.0,0,0.05,11,LTU,0.20408913493156433,0.2,1
8601442705,FIN,1,0,fedavg,fedavg,1,53,5,3,0.001,,0.11586433202552432,0.06428623221090048,7.343190231371071,3.636605524271727,0.11428779548152551,0.06315286692840304,7.220124678931129,3.573620689655172,58,0.0,0,0.05,11,LTU,0.19733405113220215,0.2,1
8601442705,FIN,1,0,fedavg,fedavg,1,54,5,3,0.001,,0.11570209914257704,0.06425287210781946,7.326089109530748,3.6296190212183985,0.11428779548152551,0.06315286692840304,7.220124678931129,3.573620689655172,58,0.0,0,0.05,11,LTU,0.19435624778270721,0.2,1
8601442705,FIN,1,0,fedavg,fedavg,1,55,5,3,0.001,,0.11563489291003351,0.06405043801852775,7.328583823998778,3.621200621686106,0.11428779548152551,0.06315286692840304,7.220124678931129,3.573620689655172,58,0.0,0,0.05,11,LTU,0.19081570208072662,0.2,1
8601442705,FIN,1,0,fedavg,fedavg,1,56,5,3,0.001,,0.11559598632978246,0.06397015158968158,7.3281685096917135,3.6175417648183896,0.11428779548152551,0.06315286692840304,7.220124678931129,3.573620689655172,58,0.0,0,0.05,11,LTU,0.18561263382434845,0.2,1
8601442705,FIN,1,0,fedavg,fedavg,1,57,5,3,0.001,,0.11566250553745569,0.06402201405355049,7.332502333662134,3.6198999342188753,0.11428779548152551,0.06315286692840304,7.220124678931129,3.573620689655172,58,0.0,0,0.05,11,LTU,0.1803048998117447,0.2,1
8601442705,FIN,1,0,fedavg,fedavg,1,58,5,3,0.001,,0.1158679854990442,0.06444463105661521,7.344823066758139,3.6463115850070427,0.11428779548152551,0.06315286692840304,7.220124678931129,3.573620689655172,58,0.0,0,0.05,11,LTU,0.1765058934688568,0.2,1
8601442705,FIN,1,0,fedavg,fedavg,1,59,5,3,0.001,,0.11592341958276248,0.06446486580585017,7.349405757851137,3.6484077735717957,0.11428779548152551,0.06315286692840304,7.220124678931129,3.573620689655172,58,0.0,0,0.05,11,LTU,0.17291583120822906,0.2,1
8601442705,FIN,1,0,fedavg,fedavg,1,60,5,3,0.001,,0.115975096055017,0.0645427932267294,7.350747414950353,3.6514617231930124,0.11428779548152551,0.06315286692840304,7.220124678931129,3.573620689655172,58,0.0,0,0.05,11,LTU,0.13888421654701233,0.2,1
8601442705,FIN,1,0,fedavg,fedavg,1,61,5,3,0.001,,0.11570089297190511,0.06423558985989075,7.335583233710004,3.634268554890978,0.11428779548152551,0.06315286692840304,7.220124678931129,3.573620689655172,58,0.0,0,0.05,11,LTU,0.1326749324798584,0.2,1
8601442705,FIN,1,0,fedavg,fedavg,1,62,5,3,0.001,,0.11559539845056396,0.06392611175372089,7.332719855037599,3.6187349790416916,0.11428779548152551,0.06315286692840304,7.220124678931129,3.573620689655172,58,0.0,0,0.05,11,LTU,0.12778407335281372,0.2,1
8601442705,FIN,1,0,fedavg,fedavg,1,63,5,3,0.001,,0.11568128818721195,0.06410478181476656,7.335763348750189,3.627439076212974,0.11428779548152551,0.06315286692840304,7.220124678931129,3.573620689655172,58,0.0,0,0.05,11,LTU,0.12414729595184326,0.2,1
8601442705,FIN,1,0,fedavg,fedavg,1,64,5,3,0.001,,0.11553848024827698,0.06404722325357304,7.325223956559385,3.625387841098268,0.11428779548152551,0.06315286692840304,7.220124678931129,3.573620689655172,58,0.0,0,0.05,11,LTU,0.15236589312553406,0.2,1
8601442705,FIN,1,0,fedavg,fedavg,1,65,5,3,0.001,,0.11551471242761711,0.0639614804305642,7.329865526383285,3.6234298449549183,0.11428779548152551,0.06315286692840304,7.220124678931129,3.573620689655172,58,0.0,0,0.05,11,LTU,0.14654818177223206,0.2,1
8601442705,FIN,1,0,fedavg,fedavg,1,66,5,3,0.001,,0.11518699985603079,0.06349753430825739,7.298732414350311,3.589595638262815,0.11428779548152551,0.06315286692840304,7.220124678931129,3.573620689655172,58,0.0,0,0.05,11,LTU,0.14126716554164886,0.2,1
8601442705,FIN,1,0,fedavg,fedavg,1,67,5,3,0.001,,0.11527322472440966,0.06361365030019882,7.312779838388826,3.601563763606137,0.11428779548152551,0.06315286692840304,7.220124678931129,3.573620689655172,58,0.0,0,0.05,11,LTU,0.13702869415283203,0.2,1
8601442705,FIN,1,0,fedavg,fedavg,1,68,5,3,0.001,,0.11571088416597662,0.06451079529531477,7.334553503746299,3.6520859077274808,0.11428779548152551,0.06315286692840304,7.220124678931129,3.573620689655172,58,0.0,0,0.05,11,LTU,0.13299967348575592,0.2,1
8601442705,FIN,1,0,fedavg,fedavg,1,69,5,3,0.001,,0.1153986829197746,0.06379495478377693,7.32443821222248,3.614226800828145,0.11428779548152551,0.06315286692840304,7.220124678931129,3.573620689655172,58,0.0,0,0.05,11,LTU,0.10123942047357559,0.2,1
8601442705,FIN,1,0,fedavg,fedavg,1,70,5,3,0.001,,0.11543860125142366,0.0639659589681381,7.322287658630924,3.6223332431264996,0.11428779548152551,0.06315286692840304,7.220124678931129,3.573620689655172,58,0.0,0,0.05,11,LTU,0.09713127464056015,0.2,1
8601442705,FIN,1,0,fedavg,fedavg,1,71,5,3,0.001,,0.1153532699726676,0.06401934238413653,7.310869801517643,3.6220991805576044,0.11428779548152551,0.06315286692840304,7.220124678931129,3.573620689655172,58,0.0,0,0.05,11,LTU,0.12015116214752197,0.2,1
8601442705,FIN,1,0,fedavg,fedavg,1,72,5,3,0.001,,0.11552784396765915,0.06423965013728493,7.3246844683562395,3.6367073881862493,0.11428779548152551,0.06315286692840304,7.220124678931129,3.573620689655172,58,0.0,0,0.05,11,LTU,0.11457877606153488,0.2,1
8601442705,FIN,1,0,fedavg,fedavg,1,73,5,3,0.001,,0.1154071064990199,0.06399975557849694,7.313838764731054,3.6202322083475265,0.11428779548152551,0.06315286692840304,7.220124678931129,3.573620689655172,58,0.0,0,0.05,11,LTU,0.11121922731399536,0.2,1
8601442705,FIN,1,0,fedavg,fedavg,1,74,5,3,0.001,,0.11537722467669069,0.06387487073892582,7.31703204785681,3.6154046555048436,0.11428779548152551,0.06315286692840304,7.220124678931129,3.573620689655172,58,0.0,0,0.05,11,LTU,0.10878188163042068,0.2,1
8601442705,FIN,1,0,fedavg,fedavg,1,75,5,3,0.001,,0.1153861197934646,0.0640177674855483,7.308982929613512,3.618665809166843,0.11428779548152551,0.06315286692840304,7.220124678931129,3.573620689655172,58,0.0,0,0.05,11,LTU,0.1041109561920166,0.2,1
8601442705,FIN,1,0,fedavg,fedavg,1,76,5,3,0.001,,0.11551907124015978,0.0643394591426276,7.326324300645216,3.6444918566870275,0.11428779548152551,0.06315286692840304,7.220124678931129,3.573620689655172,58,0.0,0,0.05,11,LTU,0.07224681973457336,0.2,1
8601442705,FIN,1,0,fedavg,fedavg,1,77,5,3,0.001,,0.11520164216137042,0.06384400735109451,7.310481698325974,3.6190897646289444,0.11428779548152551,0.06315286692840304,7.220124678931129,3.573620689655172,58,0.0,0,0.05,11,LTU,0.0669923648238182,0.2,1
8601442705,FIN,1,0,fedavg,fedavg,1,78,5,3,0.001,,0.11543270702933171,0.06438151308373499,7.317787839993454,3.6477325704765735,0.11428779548152551,0.06315286692840304,7.220124678931129,3.573620689655172,58,0.0,0,0.05,11,LTU,0.0911569893360138,0.2,1
8601442705,FIN,1,0,fedavg,fedavg,1,79,5,3,0.001,,0.11524015723277929,0.06375367856726998,7.310791674760861,3.612187820476705,0.11428779548152551,0.06315286692840304,7.220124678931129,3.573620689655172,58,0.0,0,0.05,11,LTU,0.08861132711172104,0.2,1
8601442705,FIN,1,0,fedavg,fedavg,1,80,5,3,0.001,,0.1154739438842086,0.06427159643449001,7.318808243859054,3.63961410905575,0.11428779548152551,0.06315286692840304,7.220124678931129,3.573620689655172,58,0.0,0,0.05,11,LTU,0.08404768258333206,0.2,1
8601442705,FIN,1,0,fedavg,fedavg,1,81,5,3,0.001,,0.11526557269847836,0.06386403958584133,7.317805736382874,3.621204879752521,0.11428779548152551,0.06315286692840304,7.220124678931129,3.573620689655172,58,0.0,0,0.05,11,LTU,0.08042287826538086,0.2,1
8601442705,FIN,1,0,fedavg,fedavg,1,82,5,3,0.001,,0.11544709864426056,0.06404589650427907,7.3202585336552985,3.6278465966458984,0.11428779548152551,0.06315286692840304,7.220124678931129,3.573620689655172,58,0.0,0,0.05,11,LTU,0.0733078122138977,0.2,1
8601442705,FIN,1,0,fedavg,fedavg,1,83,5,3,0.001,,0.1151739879569276,0.06358547933381613,7.313077085157308,3.605267262584176,0.11428779548152551,0.06315286692840304,7.220124678931129,3.573620689655172,58,0.0,0,0.05,11,LTU,0.047615379095077515,0.2,1
8601442705,FIN,1,0,fedavg,fedavg,1,84,5,3,0.001,,0.11508260118030814,0.0639782565106951,7.289053901922359,3.6163980230051895,0.11428779548152551,0.06315286692840304,7.220124678931129,3.573620689655172,58,0.0,0,0.05,11,LTU,0.06856421381235123,0.2,1
8601442705,FIN,1,0,fedavg,fedavg,1,85,5,3,0.001,,0.11506834356708853,0.06346594460121886,7.2968083525115155,3.5912098257510827,0.11428779548152551,0.06315286692840304,7.220124678931129,3.573620689655172,58,0.0,0,0.05,11,LTU,0.06164872273802757,0.2,1
8601442705,FIN,1,0,fedavg,fedavg,1,86,5,3,0.001,,0.11513887977084232,0.06361458390892949,7.302366822499746,3.601557890865309,0.11428779548152551,0.06315286692840304,7.220124678931129,3.573620689655172,58,0.0,0,0.05,11,LTU,0.06306397169828415,0.2,1
8601442705,FIN,1,0,fedavg,fedavg,1,87,5,3,0.001,,0.11520683841768112,0.06378913970798623,7.3068769538145295,3.613195023895337,0.11428779548152551,0.06315286692840304,7.220124678931129,3.573620689655172,58,0.0,0,0.05,11,LTU,0.03376224637031555,0.2,1
8601442705,FIN,1,0,fedavg,fedavg,1,88,5,3,0.001,,0.11493595871587631,0.06329828672309744,7.293011646802093,3.5860790096983823,0.11428779548152551,0.06315286692840304,7.220124678931129,3.573620689655172,58,0.0,0,0.05,11,LTU,0.05617821216583252,0.2,1
8601442705,FIN,1,0,fedavg,fedavg,1,89,5,3,0.001,,0.1151652060639749,0.06387580665388418,7.308557662692832,3.620973311527022,0.11428779548152551,0.06315286692840304,7.220124678931129,3.573620689655172,58,0.0,0,0.05,11,LTU,0.05173945426940918,0.2,1
8601442705,FIN,1,0,fedavg,fedavg,1,90,5,3,0.001,,0.11494756170135186,0.06346768363738224,7.291611375223779,3.5939889842312915,0.11428779548152551,0.06315286692840304,7.220124678931129,3.573620689655172,58,0.0,0,0.05,11,LTU,0.05146050825715065,0.2,1
8601442705,FIN,1,0,fedavg,fedavg,1,91,5,3,0.001,,0.11487814275804271,0.06296223111135547,7.291645039933376,3.5664760587513458,0.11428779548152551,0.06315286692840304,7.220124678931129,3.573620689655172,58,0.0,0,0.05,11,LTU,0.04527515172958374,0.2,1
8601442705,FIN,1,0,fedavg,fedavg,1,92,5,3,0.001,,0.11468649638011996,0.06288768856029492,7.285538901557598,3.564831754180892,0.11428779548152551,0.06315286692840304,7.220124678931129,3.573620689655172,58,0.0,0,0.05,11,LTU,0.024004727602005005,0.2,1
8601442705,FIN,1,0,fedavg,fedavg,1,93,5,3,0.001,,0.11465743403418655,0.06295295872932284,7.2862656329426025,3.5712804601839907,0.11428779548152551,0.06315286692840304,7.220124678931129,3.573620689655172,58,0.0,0,0.05,11,LTU,0.03868919610977173,0.2,1
8601442705,FIN,1,0,fedavg,fedavg,1,94,5,3,0.001,,0.11463456436906123,0.063125490802561,7.273158445630642,3.572904903622538,0.11428779548152551,0.06315286692840304,7.220124678931129,3.573620689655172,58,0.0,0,0.05,11,LTU,0.021041572093963623,0.2,1
8601442705,FIN,1,0,fedavg,fedavg,1,95,5,3,0.001,,0.11477125596896083,0.06311516789468567,7.279423782233132,3.5710973819525083,0.11428779548152551,0.06315286692840304,7.220124678931129,3.573620689655172,58,0.0,0,0.05,11,LTU,0.038793087005615234,0.2,1
8601442705,FIN,1,0,fedavg,fedavg,1,96,5,3,0.001,,0.11459748811410732,0.06293515313230054,7.26618268410723,3.5576122229643943,0.11428779548152551,0.06315286692840304,7.220124678931129,3.573620689655172,58,0.0,0,0.05,11,LTU,0.03597802296280861,0.2,1
8601442705,FIN,1,0,fedavg,fedavg,1,97,5,3,0.001,,0.11473540157315387,0.0629557532169013,7.27725564185581,3.5613071431332615,0.11428779548152551,0.06315286692840304,7.220124678931129,3.573620689655172,58,0.0,0,0.05,11,LTU,0.032588183879852295,0.2,1
8601442705,FIN,1,0,fedavg,fedavg,1,98,5,3,0.001,,0.11440061996314493,0.06275286595889062,7.253869985086962,3.5461524811304854,0.11428779548152551,0.06315286692840304,7.220124678931129,3.573620689655172,58,0.0,0,0.05,11,LTU,0.03062802366912365,0.2,1
8601442705,FIN,1,0,fedavg,fedavg,1,99,5,3,0.001,,0.1144341358370065,0.06240208561738937,7.273658342250825,3.540276064532585,0.11428779548152551,0.06315286692840304,7.220124678931129,3.573620689655172,58,0.0,0,0.05,11,LTU,0.02924489974975586,0.2,1
8601442705,FIN,1,0,fedavg,fedavg,1,100,5,3,0.001,,0.11450954859453784,0.06276496953947132,7.269241359447198,3.555709280111667,0.11428779548152551,0.06315286692840304,7.220124678931129,3.573620689655172,58,0.0,0,0.05,11,LTU,0.0175936222076416,0.2,1
8601442705,FIN,1,0,fedavg,fedavg,1,101,5,3,0.001,,0.11445701294782933,0.06285561587217922,7.259235959885408,3.5559244548811995,0.11428779548152551,0.06315286692840304,7.220124678931129,3.573620689655172,58,0.0,0,0.05,11,LTU,0.026568474248051643,0.2,1
8601442705,FIN,1,0,fedavg,fedavg,1,102,5,3,0.001,,0.1142658685273847,0.06253007507897063,7.2592859672326115,3.5455853977038942,0.11428779548152551,0.06315286692840304,7.220124678931129,3.573620689655172,58,0.0,0,0.05,11,LTU,0.01397472620010376,0.2,1
8601442705,FIN,1,0,fedavg,fedavg,1,103,5,3,0.001,,0.11400232773324927,0.062235805165355804,7.248460021743345,3.5303166793204594,0.11428779548152551,0.06315286692840304,7.220124678931129,3.573620689655172,58,0.0,0,0.05,11,LTU,0.021243689581751823,0.2,1
8601442705,FIN,1,0,fedavg,fedavg,1,104,5,3,0.001,,0.11413079972325359,0.06255588137518599,7.240618782858778,3.5388413270598855,0.11428779548152551,0.06315286692840304,7.220124678931129,3.573620689655172,58,0.0,0,0.05,11,LTU,0.02641397900879383,0.2,1
8601442705,FIN,1,0,fedavg,fedavg,1,105,5,3,0.001,,0.11404631584945144,0.06232092754086399,7.236892566369544,3.525848330621063,0.11428779548152551,0.06315286692840304,7.220124678931129,3.573620689655172,58,0.0,0,0.05,11,LTU,0.022668687626719475,0.2,1
8601442705,FIN,1,0,fedavg,fedavg,1,106,5,3,0.001,,0.1141004798922609,0.0625765417870094,7.229946417623631,3.534395773674907,0.11428779548152551,0.06315286692840304,7.220124678931129,3.573620689655172,58,0.0,0,0.05,11,LTU,0.020629825070500374,0.2,1
8601442705,FIN,1,0,fedavg,fedavg,1,107,5,3,0.001,,0.1138887420367559,0.06211856977185154,7.2258323629547245,3.5109870690713674,0.11428779548152551,0.06315286692840304,7.220124678931129,3.573620689655172,58,0.0,0,0.05,11,LTU,0.008168281055986881,0.2,1
8601442705,FIN,1,0,fedavg,fedavg,1,108,5,3,0.001,,0.11410826653623721,0.06267877043263007,7.23042777964779,3.539679554269232,0.11428779548152551,0.06315286692840304,7.220124678931129,3.573620689655172,58,0.0,0,0.05,11,LTU,0.019231796264648438,0.2,1
8601442705,FIN,1,0,fedavg,fedavg,1,109,5,3,0.001,,0.11377977365714917,0.06209912708035172,7.22206909747971,3.513779460577102,0.11428779548152551,0.06315286692840304,7.220124678931129,3.573620689655172,58,0.0,0,0.05,11,LTU,0.020261764526367188,0.2,1
8601442705,FIN,1,0,fedavg,fedavg,1,110,5,3,0.001,,0.11392071253095418,0.06227109727102476,7.232820843074552,3.5263410650728075,0.11428779548152551,0.06315286692840304,7.220124678931129,3.573620689655172,58,0.0,0,0.05,11,LTU,0.00858217477798462,0.2,1
8601442705,FIN,1,0,fedavg,fedavg,1,111,5,3,0.001,,0.11370885077545041,0.06172375502175218,7.228899026666114,3.4997780326666508,0.11428779548152551,0.06315286692840304,7.220124678931129,3.573620689655172,58,0.0,0,0.05,11,LTU,0.013203442096710205,0.2,1
8601442705,FIN,1,0,fedavg,fedavg,1,112,5,3,0.001,,0.1135518130650137,0.06198440228562786,7.201441447938521,3.501866633271349,0.11428779548152551,0.06315286692840304,7.220124678931129,3.573620689655172,58,0.0,0,0.05,11,LTU,0.013364553451538086,0.2,1
8601442705,FIN,1,0,fedavg,fedavg,1,113,5,3,0.001,,0.11380573744981992,0.062182719511650345,7.218485580977006,3.5165097880157927,0.11428779548152551,0.06315286692840304,7.220124678931129,3.573620689655172,58,0.0,0,0.05,11,LTU,0.013332545757293701,0.2,1
8601442705,FIN,1,0,fedavg,fedavg,1,114,5,3,0.001,,0.11388148473342796,0.06213637487711947,7.232336794459695,3.520299541328488,0.11428779548152551,0.06315286692840304,7.220124678931129,3.573620689655172,58,0.0,0,0.05,11,LTU,0.006472915410995483,0.2,1
8601442705,FIN,1,0,fedavg,fedavg,1,115,5,3,0.001,,0.11391120538318085,0.062200092756217504,7.234097667721181,3.525845600807461,0.11428779548152551,0.06315286692840304,7.220124678931129,3.573620689655172,58,0.0,0,0.05,11,LTU,0.006842821836471558,0.2,1
8601442705,FIN,1,0,fedavg,fedavg,1,116,5,3,0.001,,0.11378780665826209,0.062048187717727125,7.217336078669559,3.509296488412495,0.11428779548152551,0.06315286692840304,7.220124678931129,3.573620689655172,58,0.0,0,0.05,11,LTU,0.005393624305725098,0.2,1
8601442705,FIN,1,0,fedavg,fedavg,1,117,5,3,0.001,,0.11345375457494188,0.06163186136510721,7.20009025854614,3.4856760800480835,0.11428779548152551,0.06315286692840304,7.220124678931129,3.573620689655172,58,0.0,0,0.05,11,LTU,0.010343999601900578,0.2,1
8601442705,FIN,1,0,fedavg,fedavg,1,118,5,3,0.001,,0.11401299200423537,0.06243284838023226,7.239108658187421,3.5384488305305615,0.11428779548152551,0.06315286692840304,7.220124678931129,3.573620689655172,58,0.0,0,0.05,11,LTU,0.012400687672197819,0.2,1
8601442705,FIN,1,0,fedavg,fedavg,1,119,5,3,0.001,,0.11387193127973508,0.062117200416556946,7.238468695843774,3.524784126688694,0.11428779548152551,0.06315286692840304,7.220124678931129,3.573620689655172,58,0.0,0,0.05,11,LTU,0.005257666110992432,0.2,1
8601442705,FIN,1,0,fedavg,fedavg,1,120,5,3,0.001,,0.1136743019497259,0.06180765214606975,7.220798327130695,3.503767082243131,0.11428779548152551,0.06315286692840304,7.220124678931129,3.573620689655172,58,0.0,0,0.05,11,LTU,0.013049780391156673,0.2,1
8601442705,FIN,1,0,fedavg,fedavg,1,121,5,3,0.001,,0.11354980212320519,0.06147046380521778,7.208830179568572,3.4800746893882755,0.11428779548152551,0.06315286692840304,7.220124678931129,3.573620689655172,58,0.0,0,0.05,11,LTU,0.0057446956634521484,0.2,1
8601442705,FIN,1,0,fedavg,fedavg,1,122,5,3,0.001,,0.11350613462728133,0.06156678391562309,7.21103065824906,3.490825427796306,0.11428779548152551,0.06315286692840304,7.220124678931129,3.573620689655172,58,0.0,0,0.05,11,LTU,0.010587722063064575,0.2,1
8601442705,FIN,1,0,fedavg,fedavg,1,123,5,3,0.001,,0.11377714477783271,0.06211855360216477,7.220057790941715,3.5174265504171105,0.11428779548152551,0.06315286692840304,7.220124678931129,3.573620689655172,58,0.0,0,0.05,11,LTU,0.004447877872735262,0.2,1
8601442705,FIN,1,0,fedavg,fedavg,1,124,5,3,0.001,,0.11355338051967995,0.06174811686876888,7.214605554523033,3.502273363070242,0.11428779548152551,0.06315286692840304,7.220124678931129,3.573620689655172,58,0.0,0,0.05,11,LTU,0.004167497158050537,0.2,1
8601442705,FIN,1,0,fedavg,fedavg,1,125,5,3,0.001,,0.11348346289219502,0.06169523346661349,7.2044808182891575,3.4949801308738766,0.11428779548152551,0.06315286692840304,7.220124678931129,3.573620689655172,58,0.0,0,0.05,11,LTU,0.004342913627624512,0.2,1
8601442705,FIN,1,0,fedavg,fedavg,1,126,5,3,0.001,,0.1136140903947407,0.06169847702228159,7.214160061480719,3.496185734280225,0.11428779548152551,0.06315286692840304,7.220124678931129,3.573620689655172,58,0.0,0,0.05,11,LTU,0.0043718814849853516,0.2,1
8601442705,FIN,1,0,fedavg,fedavg,1,127,5,3,0.001,,0.11322528399911716,0.06111696997510895,7.200974910135537,3.4674120124773733,0.11428779548152551,0.06315286692840304,7.220124678931129,3.573620689655172,58,0.0,0,0.05,11,LTU,0.010191679000854492,0.2,1
8601442705,FIN,1,0,fedavg,fedavg,1,128,5,3,0.001,,0.113349364397411,0.061486097933335135,7.193330941784638,3.480111903237885,0.11428779548152551,0.06315286692840304,7.220124678931129,3.573620689655172,58,0.0,0,0.05,11,LTU,0.011145472526550293,0.2,1
8601442705,FIN,1,0,fedavg,fedavg,1,129,5,3,0.001,,0.11367646638024978,0.06200698038697612,7.217893853809821,3.5149845269455997,0.11428779548152551,0.06315286692840304,7.220124678931129,3.573620689655172,58,0.0,0,0.05,11,LTU,0.004229515790939331,0.2,1
8601442705,FIN,1,0,fedavg,fedavg,1,130,5,3,0.001,,0.11348327252123964,0.0616692275843575,7.202773651566123,3.4926110700492203,0.11428779548152551,0.06315286692840304,7.220124678931129,3.573620689655172,58,0.0,0,0.05,11,LTU,0.004521667957305908,0.2,1
8601442705,FIN,1,0,fedavg,fedavg,1,131,5,3,0.001,,0.11367355405112796,0.06184208132717999,7.217258007186624,3.504331642294752,0.11428779548152551,0.06315286692840304,7.220124678931129,3.573620689655172,58,0.0,0,0.05,11,LTU,0.010022521018981934,0.2,1
8601442705,FIN,1,0,fedavg,fedavg,1,132,5,3,0.001,,0.11361595809208833,0.06197804592876968,7.209449955438853,3.510622255568874,0.11428779548152551,0.06315286692840304,7.220124678931129,3.573620689655172,58,0.0,0,0.05,11,LTU,0.004737913608551025,0.2,1
8601442705,FIN,1,0,fedavg,fedavg,1,133,5,3,0.001,,0.11350014040742573,0.06181366042914431,7.201236785969357,3.4985032883368685,0.11428779548152551,0.06315286692840304,7.220124678931129,3.573620689655172,58,0.0,0,0.05,11,LTU,0.00950014591217041,0.2,1
8601442705,FIN,1,0,fedavg,fedavg,1,134,5,3,0.001,,0.11343547567843969,0.06142719237461028,7.199028934606485,3.4780322622358795,0.11428779548152551,0.06315286692840304,7.220124678931129,3.573620689655172,58,0.0,0,0.05,11,LTU,0.003922701347619295,0.2,1
8601442705,FIN,1,0,fedavg,fedavg,1,135,5,3,0.001,,0.11345259094416514,0.061465229900806724,7.196827173057512,3.4759938127686243,0.11428779548152551,0.06315286692840304,7.220124678931129,3.573620689655172,58,0.0,0,0.05,11,LTU,0.009616196155548096,0.2,1
8601442705,FIN,1,0,fedavg,fedavg,1,136,5,3,0.001,,0.11363291052863163,0.06156398767579331,7.211494031189596,3.4851395699207135,0.11428779548152551,0.06315286692840304,7.220124678931129,3.573620689655172,58,0.0,0,0.05,11,LTU,0.010623275302350521,0.2,1
8601442705,FIN,1,0,fedavg,fedavg,1,137,5,3,0.001,,0.11401020387627768,0.06221545867346918,7.241856468121112,3.53022022775946,0.11428779548152551,0.06315286692840304,7.220124678931129,3.573620689655172,58,0.0,0,0.05,11,LTU,0.004044473171234131,0.2,1
8601442705,FIN,1,0,fedavg,fedavg,1,138,5,3,0.001,,0.11333900341875901,0.0614287979345857,7.189234693788305,3.47498722515024,0.11428779548152551,0.06315286692840304,7.220124678931129,3.573620689655172,58,0.0,0,0.05,11,LTU,0.0032365319784730673,0.2,1
8601442705,FIN,1,0,fedavg,fedavg,1,139,5,3,0.001,,0.11347719534620039,0.06154181779079251,7.198707161086002,3.482629412473276,0.11428779548152551,0.06315286692840304,7.220124678931129,3.573620689655172,58,0.0,0,0.05,11,LTU,0.008312523365020752,0.2,1
8601442705,FIN,1,0,fedavg,fedavg,1,140,5,3,0.001,,0.11355938522090156,0.06130796511093524,7.213199710719241,3.47465555917189,0.11428779548152551,0.06315286692840304,7.220124678931129,3.573620689655172,58,0.0,0,0.05,11,LTU,0.008490562438964844,0.2,1
8601442705,FIN,1,0,fedavg,fedavg,1,141,5,3,0.001,,0.11371809067796197,0.06194575408479632,7.216401614623461,3.5096461307303652,0.11428779548152551,0.06315286692840304,7.220124678931129,3.573620689655172,58,0.0,0,0.05,11,LTU,0.008873462677001953,0.2,1
8601442705,FIN,1,0,fedavg,fedavg,1,142,5,3,0.001,,0.11343921493729936,0.06095464138167605,7.212758835139252,3.458712380248925,0.11428779548152551,0.06315286692840304,7.220124678931129,3.573620689655172,58,0.0,0,0.05,11,LTU,0.004149407148361206,0.2,1
8601442705,FIN,1,0,fedavg,fedavg,1,143,5,3,0.001,,0.11361090260776946,0.0613153949374903,7.2180544042848505,3.4785170538589876,0.11428779548152551,0.06315286692840304,7.220124678931129,3.573620689655172,58,0.0,0,0.05,11,LTU,0.0046991705894470215,0.2,1
8601442705,FIN,1,0,fedavg,fedavg,1,144,5,3,0.001,,0.11334665935483805,0.061192158960380015,7.189768792045389,3.460579048557529,0.11428779548152551,0.06315286692840304,7.220124678931129,3.573620689655172,58,0.0,0,0.05,11,LTU,0.0038624703884124756,0.2,1
8601442705,FIN,1,0,fedavg,fedavg,1,145,5,3,0.001,,0.11337987905109707,0.06115401428391563,7.200393299277871,3.467747813285425,0.11428779548152551,0.06315286692840304,7.220124678931129,3.573620689655172,58,0.0,0,0.05,11,LTU,0.0026505887508392334,0.2,1
8601442705,FIN,1,0,fedavg,fedavg,1,146,5,3,0.001,,0.11379589839864722,0.06174298216626931,7.222142606550476,3.4993364743251227,0.11428779548152551,0.06315286692840304,7.220124678931129,3.573620689655172,58,0.0,0,0.05,11,LTU,0.007394284009933472,0.2,1
8601442705,FIN,1,0,fedavg,fedavg,1,147,5,3,0.001,,0.11379004462591225,0.0617679138642792,7.221991652734343,3.501163216190092,0.11428779548152551,0.06315286692840304,7.220124678931129,3.573620689655172,58,0.0,0,0.05,11,LTU,0.004661530256271362,0.2,1
8601442705,FIN,1,0,fedavg,fedavg,1,148,5,3,0.001,,0.11346594834536568,0.06110982515734765,7.206575413622723,3.4656718961380677,0.11428779548152551,0.06315286692840304,7.220124678931129,3.573620689655172,58,0.0,0,0.05,11,LTU,0.00841367244720459,0.2,1
8601442705,FIN,1,0,fedavg,fedavg,1,149,5,3,0.001,,0.11342238523959117,0.06096327480617188,7.214243523341077,3.4632782094982164,0.11428779548152551,0.06315286692840304,7.220124678931129,3.573620689655172,58,0.0,0,0.05,11,LTU,0.00610467791557312,0.2,1
8601442705,FIN,1,0,fedavg,fedavg,1,150,5,3,0.001,,0.11333293572279912,0.06094881426292102,7.19807948830985,3.4562674920826124,0.11428779548152551,0.06315286692840304,7.220124678931129,3.573620689655172,58,0.0,0,0.05,11,LTU,0.0028836133424192667,0.2,1
8601442705,FIN,1,0,fedavg,fedavg,1,151,5,3,0.001,,0.11349501081113952,0.061279579175632155,7.206372824732142,3.474688065080807,0.11428779548152551,0.06315286692840304,7.220124678931129,3.573620689655172,58,0.0,0,0.05,11,LTU,0.002705603837966919,0.2,1
8601442705,FIN,1,0,fedavg,fedavg,1,152,5,3,0.001,,0.11359830989706113,0.061042489965169304,7.217619914233056,3.4632307854726405,0.11428779548152551,0.06315286692840304,7.220124678931129,3.573620689655172,58,0.0,0,0.05,11,LTU,0.005521982908248901,0.2,1
8601442705,FIN,1,0,fedavg,fedavg,1,153,5,3,0.001,,0.11337365663449103,0.06124556986043021,7.192732162915442,3.4680228723780866,0.11428779548152551,0.06315286692840304,7.220124678931129,3.573620689655172,58,0.0,0,0.05,11,LTU,0.007928640581667423,0.2,1
8601442705,FIN,1,0,fedavg,fedavg,1,154,5,3,0.001,,0.1134127407100334,0.06108159779577018,7.1950167455905065,3.4571689992249017,0.11428779548152551,0.06315286692840304,7.220124678931129,3.573620689655172,58,0.0,0,0.05,11,LTU,0.006046205293387175,0.2,1
8601442705,FIN,1,0,fedavg,fedavg,1,155,5,3,0.001,,0.11342806890416295,0.06107860800141774,7.198932055629913,3.4588995200457244,0.11428779548152551,0.06315286692840304,7.220124678931129,3.573620689655172,58,0.0,0,0.05,11,LTU,0.003226727480068803,0.2,1
8601442705,FIN,1,0,fedavg,fedavg,1,156,5,3,0.001,,0.11347806446136155,0.0611379048601395,7.19812611955492,3.460788907682074,0.11428779548152551,0.06315286692840304,7.220124678931129,3.573620689655172,58,0.0,0,0.05,11,LTU,0.005234479904174805,0.2,1
8601442705,FIN,1,0,fedavg,fedavg,1,157,5,3,0.001,,0.11344644655955283,0.06085684146392882,7.204507709287545,3.4499830673552796,0.11428779548152551,0.06315286692840304,7.220124678931129,3.573620689655172,58,0.0,0,0.05,11,LTU,0.0016787946224212646,0.2,1
dc80f53f94,LTU,1,0,fedavg,fedavg,1,1,5,3,0.001,,0.14231906195771596,0.1147154207963091,6.34770813543871,5.077704630882576,0.029620859293290867,0.022854321428262596,1.373016946174649,1.0382241379310346,58,0.0,0,0.05,11,FIN,0.5817853212356567,0.2,1
dc80f53f94,LTU,1,0,fedavg,fedavg,1,2,5,3,0.001,,0.10455150142796565,0.08383840867915343,4.7293289399612775,3.7604424830335996,0.029620859293290867,0.022854321428262596,1.373016946174649,1.0382241379310346,58,0.0,0,0.05,11,FIN,0.5612186789512634,0.2,1
dc80f53f94,LTU,1,0,fedavg,fedavg,1,3,5,3,0.001,,0.074228806677121,0.056528623883486,3.387439906586613,2.541186551939825,0.029620859293290867,0.022854321428262596,1.373016946174649,1.0382241379310346,58,0.0,0,0.05,11,FIN,0.541553258895874,0.2,1
dc80f53f94,LTU,1,0,fedavg,fedavg,1,4,5,3,0.001,,0.05562086067619282,0.04363292289605757,2.6086689049307883,2.0172537472576937,0.029620859293290867,0.022854321428262596,1.373016946174649,1.0382241379310346,58,0.0,0,0.05,11,FIN,0.522192120552063,0.2,1
dc80f53f94,LTU,1,0,fedavg,fedavg,1,5,5,3,0.001,,0.04499490681799133,0.034271936359110786,2.1331643040375,1.5920393769638297,0.029620859293290867,0.022854321428262596,1.373016946174649,1.0382241379310346,58,0.0,0,0.05,11,FIN,0.5033175945281982,0.2,1
dc80f53f94,LTU,1,0,fedavg,fedavg,1,6,5,3,0.001,,0.03849742525280574,0.02869353231553446,1.8351372767139578,1.333462258143672,0.029620859293290867,0.022854321428262596,1.373016946174649,1.0382241379310346,58,0.0,0,0.05,11,FIN,0.5002664923667908,0.2,1
dc80f53f94,LTU,1,0,fedavg,fedavg,1,7,5,3,0.001,,0.03595961624423685,0.02668974529434967,1.7227249576854164,1.2398150162018586,0.029620859293290867,0.022854321428262596,1.373016946174649,1.0382241379310346,58,0.0,0,0.05,11,FIN,0.49278634786605835,0.2,1
dc80f53f94,LTU,1,0,fedavg,fedavg,1,8,5,3,0.001,,0.03454710794007718,0.025957547514829864,1.6528846750007644,1.2044371617045901,0.029620859293290867,0.022854321428262596,1.373016946174649,1.0382241379310346,58,0.0,0,0.05,11,FIN,0.4710231423377991,0.2,1
dc80f53f94,LTU,1,0,fedavg,fedavg,1,9,5,3,0.001,,0.033753402740738,0.025699289966472985,1.615541011242668,1.1934693099722786,0.029620859293290867,0.022854321428262596,1.373016946174649,1.0382241379310346,58,0.0,0,0.05,11,FIN,0.48769745230674744,0.2,1
dc80f53f94,LTU,1,0,fedavg,fedavg,1,10,5,3,0.001,,0.03319473702566175,0.025628158775738295,1.586675528105373,1.1914625237131946,0.029620859293290867,0.022854321428262596,1.373016946174649,1.0382241379310346,58,0.0,0,0.05,11,FIN,0.4831158220767975,0.2,1
dc80f53f94,LTU,1,0,fedavg,fedavg,1,11,5,3,0.001,,0.032555035798427015,0.025468546464880688,1.558413531329555,1.1859109657098514,0.029620859293290867,0.022854321428262596,1.373016946174649,1.0382241379310346,58,0.0,0,0.05,11,FIN,0.4572833180427551,0.2,1
dc80f53f94,LTU,1,0,fedavg,fedavg,1,12,5,3,0.001,,0.032231687874459354,0.025364337120945806,1.5404483861920724,1.181498545272598,0.029620859293290867,0.022854321428262596,1.373016946174649,1.0382241379310346,58,0.0,0,0.05,11,FIN,0.45299285650253296,0.2,1
dc80f53f94,LTU,1,0,fedavg,fedavg,1,13,5,3,0.001,,0.031739602102323884,0.025073445933230687,1.5152763286084756,1.1676310188482555,0.029620859293290867,0.022854321428262596,1.373016946174649,1.0382241379310346,58,0.0,0,0.05,11,FIN,0.4500819742679596,0.2,1
dc80f53f94,LTU,1,0,fedavg,fedavg,1,14,5,3,0.001,,0.03142860988426994,0.024947484956446088,1.5006597170252602,1.162139395401396,0.029620859293290867,0.022854321428262596,1.373016946174649,1.0382241379310346,58,0.0,0,0.05,11,FIN,0.4688023030757904,0.2,1
dc80f53f94,LTU,1,0,fedavg,fedavg,1,15,5,3,0.001,,0.030901398922115905,0.024608156404203076,1.4734742607833091,1.145344845455269,0.029620859293290867,0.022854321428262596,1.373016946174649,1.0382241379310346,58,0.0,0,0.05,11,FIN,0.44478917121887207,0.2,1
dc80f53f94,LTU,1,0,fedavg,fedavg,1,16,5,3,0.001,,0.030875436524331095,0.02463735524561971,1.4717377078384102,1.1482519317423485,0.029620859293290867,0.022854321428262596,1.373016946174649,1.0382241379310346,58,0.0,0,0.05,11,FIN,0.44235026836395264,0.2,1
dc80f53f94,LTU,1,0,fedavg,fedavg,1,17,5,3,0.001,,0.030616010334693224,0.024547591296893722,1.4613475161955833,1.1441566644598704,0.029620859293290867,0.022854321428262596,1.373016946174649,1.0382241379310346,58,0.0,0,0.05,11,FIN,0.4621792733669281,0.2,1
dc80f53f94,LTU,1,0,fedavg,fedavg,1,18,5,3,0.001,,0.03037189470715892,0.02438586127893108,1.4480011957079413,1.136245518136642,0.029620859293290867,0.022854321428262596,1.373016946174649,1.0382241379310346,58,0.0,0,0.05,11,FIN,0.46005573868751526,0.2,1
dc80f53f94,LTU,1,0,fedavg,fedavg,1,19,5,3,0.001,,0.030146229961231674,0.024290335554567343,1.4361081501026336,1.131555510429473,0.029620859293290867,0.022854321428262596,1.373016946174649,1.0382241379310346,58,0.0,0,0.05,11,FIN,0.45712780952453613,0.2,1
dc80f53f94,LTU,1,0,fedavg,fedavg,1,20,5,3,0.001,,0.0301000635224354,0.02441877429900442,1.434838298033098,1.1386430282212539,0.029620859293290867,0.022854321428262596,1.373016946174649,1.0382241379310346,58,0.0,0,0.05,11,FIN,0.4567441940307617,0.2,1
dc80f53f94,LTU,1,0,fedavg,fedavg,1,21,5,3,0.001,,0.029582317642362025,0.023932560360318066,1.4058099724050588,1.113203550857717,0.029620859293290867,0.022854321428262596,1.373016946174649,1.0382241379310346,58,0.0,0,0.05,11,FIN,0.4544382095336914,0.2,1
dc80f53f94,LTU,1,0,fedavg,fedavg,1,22,5,3,0.001,,0.029524685454669363,0.023981026591831447,1.402690948950826,1.1162726581867406,0.029620859293290867,0.022854321428262596,1.373016946174649,1.0382241379310346,58,0.0,0,0.05,11,FIN,0.45214226841926575,0.2,1
dc80f53f94,LTU,1,0,fedavg,fedavg,1,23,5,3,0.001,,0.029575905953579007,0.024093322942870397,1.4076864384363825,1.1224585912011829,0.029620859293290867,0.022854321428262596,1.373016946174649,1.0382241379310346,58,0.0,0,0.05,11,FIN,0.4516442120075226,0.2,1
dc80f53f94,LTU,1,0,fedavg,fedavg,1,24,5,3,0.001,,0.029261176514564387,0.023810427785692496,1.3905084175518119,1.108302786836337,0.029620859293290867,0.022854321428262596,1.373016946174649,1.0382241379310346,58,0.0,0,0.05,11,FIN,0.44817420840263367,0.2,1
dc80f53f94,LTU,1,0,fedavg,fedavg,1,25,5,3,0.001,,0.029550815011614974,0.02405110512712593,1.408011427665806,1.1214686070290103,0.029620859293290867,0.022854321428262596,1.373016946174649,1.0382241379310346,58,0.0,0,0.05,11,FIN,0.45016083121299744,0.2,1
dc80f53f94,LTU,1,0,fedavg,fedavg,1,26,5,3,0.001,,0.02876700388087785,0.023299557057757266,1.3634454003032492,1.0824165463365365,0.029620859293290867,0.022854321428262596,1.373016946174649,1.0382241379310346,58,0.0,0,0.05,11,FIN,0.44666963815689087,0.2,1
dc80f53f94,LTU,1,0,fedavg,fedavg,1,27,5,3,0.001,,0.029272146407830914,0.0236891106401815,1.393834340806065,1.103455658857165,0.029620859293290867,0.022854321428262596,1.373016946174649,1.0382241379310346,58,0.0,0,0.05,11,FIN,0.4446410536766052,0.2,1
dc80f53f94,LTU,1,0,fedavg,fedavg,1,28,5,3,0.001,,0.0286561496639464,0.02315468177854702,1.3592636845036643,1.0756074637400703,0.029620859293290867,0.022854321428262596,1.373016946174649,1.0382241379310346,58,0.0,0,0.05,11,FIN,0.4447573721408844,0.2,1
dc80f53f94,LTU,1,0,fedavg,fedavg,1,29,5,3,0.001,,0.028662764762388875,0.02309603132994982,1.358929292859838,1.0734759432889267,0.029620859293290867,0.022854321428262596,1.373016946174649,1.0382241379310346,58,0.0,0,0.05,11,FIN,0.4399573504924774,0.2,1
dc80f53f94,LTU,1,0,fedavg,fedavg,1,30,5,3,0.001,,0.028669777838490975,0.02313796343037995,1.3604626378501248,1.075654261856244,0.029620859293290867,0.022854321428262596,1.373016946174649,1.0382241379310346,58,0.0,0,0.05,11,FIN,0.41723328828811646,0.2,1
dc80f53f94,LTU,1,0,fedavg,fedavg,1,31,5,3,0.001,,0.028448473437130677,0.02287975215912066,1.3474842980329675,1.0624227139826479,0.029620859293290867,0.022854321428262596,1.373016946174649,1.0382241379310346,58,0.0,0,0.05,11,FIN,0.4365283250808716,0.2,1
dc80f53f94,LTU,1,0,fedavg,fedavg,1,32,5,3,0.001,,0.028634171191041325,0.02306170285210728,1.3587404883109806,1.0710659512363634,0.029620859293290867,0.022854321428262596,1.373016946174649,1.0382241379310346,58,0.0,0,0.05,11,FIN,0.413627028465271,0.2,1
dc80f53f94,LTU,1,0,fedavg,fedavg,1,33,5,3,0.001,,0.028386740899635665,0.02272372012521373,1.3423671583243173,1.0550472563731268,0.029620859293290867,0.022854321428262596,1.373016946174649,1.0382241379310346,58,0.0,0,0.05,11,FIN,0.4337957501411438,0.2,1
dc80f53f94,LTU,1,0,fedavg,fedavg,1,34,5,3,0.001,,0.02840397010271591,0.02280651773692406,1.3450873299110553,1.0588293865014773,0.029620859293290867,0.022854321428262596,1.373016946174649,1.0382241379310346,58,0.0,0,0.05,11,FIN,0.43099913001060486,0.2,1
dc80f53f94,LTU,1,0,fedavg,fedavg,1,35,5,3,0.001,,0.028176618563453396,0.02242728320059792,1.330011821804863,1.0399876040292204,0.029620859293290867,0.022854321428262596,1.373016946174649,1.0382241379310346,58,0.0,0,0.05,11,FIN,0.428857684135437,0.2,1
dc80f53f94,LTU,1,0,fedavg,fedavg,1,36,5,3,0.001,,0.02813810969337518,0.0223405206757136,1.3278893971753005,1.0357695211912028,0.029620859293290867,0.022854321428262596,1.373016946174649,1.0382241379310346,58,0.0,0,0.05,11,FIN,0.40726345777511597,0.2,1
dc80f53f94,LTU,1,0,fedavg,fedavg,1,37,5,3,0.001,,0.028408290176001532,0.02249294708022278,1.3415338218856838,1.0437185245372105,0.029620859293290867,0.022854321428262596,1.373016946174649,1.0382241379310346,58,0.0,0,0.05,11,FIN,0.42604586482048035,0.2,1
dc80f53f94,LTU,1,0,fedavg,fedavg,1,38,5,3,0.001,,0.027907971807156512,0.02184827910090901,1.3129660553201847,1.0096733602624521,0.029620859293290867,0.022854321428262596,1.373016946174649,1.0382241379310346,58,0.0,0,0.05,11,FIN,0.42399758100509644,0.2,1
dc80f53f94,LTU,1,0,fedavg,fedavg,1,39,5,3,0.001,,0.028229641947339353,0.02220013065806566,1.3320301725727046,1.0283431061804298,0.029620859293290867,0.022854321428262596,1.373016946174649,1.0382241379310346,58,0.0,0,0.05,11,FIN,0.42420727014541626,0.2,1
dc80f53f94,LTU,1,0,fedavg,fedavg,1,40,5,3,0.001,,0.02811479079545805,0.022034549657385875,1.3233637337973632,1.0191402247702253,0.029620859293290867,0.022854321428262596,1.373016946174649,1.0382241379310346,58,0.0,0,0.05,11,FIN,0.4235594570636749,0.2,1
dc80f53f94,LTU,1,0,fedavg,fedavg,1,41,5,3,0.001,,0.028294165098227072,0.022262930465864163,1.3358612907885679,1.0314395892291237,0.029620859293290867,0.022854321428262596,1.373016946174649,1.0382241379310346,58,0.0,0,0.05,11,FIN,0.40032753348350525,0.2,1
dc80f53f94,LTU,1,0,fedavg,fedavg,1,42,5,3,0.001,,0.02799842810270504,0.021821034049809958,1.3176153481967776,1.0084720149379356,0.029620859293290867,0.022854321428262596,1.373016946174649,1.0382241379310346,58,0.0,0,0.05,11,FIN,0.41708236932754517,0.2,1
dc80f53f94,LTU,1,0,fedavg,fedavg,1,43,5,3,0.001,,0.028489150248473094,0.02235866217308975,1.344020077561852,1.0359100530856646,0.029620859293290867,0.022854321428262596,1.373016946174649,1.0382241379310346,58,0.0,0,0.05,11,FIN,0.396598756313324,0.2,1
dc80f53f94,LTU,1,0,fedavg,fedavg,1,44,5,3,0.001,,0.02782539570571463,0.02159205363819512,1.3072541700674127,0.9964778915859505,0.029620859293290867,0.022854321428262596,1.373016946174649,1.0382241379310346,58,0.0,0,0.05,11,FIN,0.4148781895637512,0.2,1
dc80f53f94,LTU,1,0,fedavg,fedavg,1,45,5,3,0.001,,0.02820580697542016,0.022055306308551546,1.3284584044695968,1.0207186885373347,0.029620859293290867,0.022854321428262596,1.373016946174649,1.0382241379310346,58,0.0,0,0.05,11,FIN,0.40997642278671265,0.2,1
dc80f53f94,LTU,1,0,fedavg,fedavg,1,46,5,3,0.001,,0.02817295297825436,0.02206210540893592,1.3268079071843346,1.0214669896117572,0.029620859293290867,0.022854321428262596,1.373016946174649,1.0382241379310346,58,0.0,0,0.05,11,FIN,0.4088984429836273,0.2,1
dc80f53f94,LTU,1,0,fedavg,fedavg,1,47,5,3,0.001,,0.027916941306146036,0.021741716750417757,1.313330876995781,1.0046199473409825,0.029620859293290867,0.022854321428262596,1.373016946174649,1.0382241379310346,58,0.0,0,0.05,11,FIN,0.4085276126861572,0.2,1
dc80f53f94,LTU,1,0,fedavg,fedavg,1,48,5,3,0.001,,0.02808907292071756,0.02191638849913504,1.3232341867179223,1.0138685469031339,0.029620859293290867,0.022854321428262596,1.373016946174649,1.0382241379310346,58,0.0,0,0.05,11,FIN,0.40790265798568726,0.2,1
dc80f53f94,LTU,1,0,fedavg,fedavg,1,49,5,3,0.001,,0.027939716762088302,0.021662648483470548,1.3132077283682466,1.0002399202492733,0.029620859293290867,0.022854321428262596,1.373016946174649,1.0382241379310346,58,0.0,0,0.05,11,FIN,0.4062385857105255,0.2,1
dc80f53f94,LTU,1,0,fedavg,fedavg,1,50,5,3,0.001,,0.02817293853545108,0.021928372573366404,1.327520397768907,1.0145256609885862,0.029620859293290867,0.022854321428262596,1.373016946174649,1.0382241379310346,58,0.0,0,0.05,11,FIN,0.38214612007141113,0.2,1
dc80f53f94,LTU,1,0,fedavg,fedavg,1,51,5,3,0.001,,0.02843004618439818,0.022134209201512618,1.3432073707956504,1.0254647807314479,0.029620859293290867,0.022854321428262596,1.373016946174649,1.0382241379310346,58,0.0,0,0.05,11,FIN,0.38146546483039856,0.2,1
dc80f53f94,LTU,1,0,fedavg,fedavg,1,52,5,3,0.001,,0.028107695039955704,0.021737617510019656,1.324653463140598,1.004328066352113,0.029620859293290867,0.022854321428262596,1.373016946174649,1.0382241379310346,58,0.0,0,0.05,11,FIN,0.37965869903564453,0.2,1
dc80f53f94,LTU,1,0,fedavg,fedavg,1,53,5,3,0.001,,0.028515877613392006,0.022100323479239233,1.3475363395785978,1.0230418009377762,0.029620859293290867,0.022854321428262596,1.373016946174649,1.0382241379310346,58,0.0,0,0.05,11,FIN,0.3769955039024353,0.2,1
dc80f53f94,LTU,1,0,fedavg,fedavg,1,54,5,3,0.001,,0.028270776621312277,0.021726318190711278,1.3319952346018178,1.003104298088058,0.029620859293290867,0.022854321428262596,1.373016946174649,1.0382241379310346,58,0.0,0,0.05,11,FIN,0.3942984938621521,0.2,1
dc80f53f94,LTU,1,0,fedavg,fedavg,1,55,5,3,0.001,,0.02799237695195759,0.021264993362098628,1.3148320232706059,0.9787494473878687,0.029620859293290867,0.022854321428262596,1.373016946174649,1.0382241379310346,58,0.0,0,0.05,11,FIN,0.3728482127189636,0.2,1
dc80f53f94,LTU,1,0,fedavg,fedavg,1,56,5,3,0.001,,0.028966958492131527,0.02230669516826185,1.3710761210844558,1.0331768544932896,0.029620859293290867,0.022854321428262596,1.373016946174649,1.0382241379310346,58,0.0,0,0.05,11,FIN,0.37159064412117004,0.2,1
dc80f53f94,LTU,1,0,fedavg,fedavg,1,57,5,3,0.001,,0.028422989373197288,0.021636164427287316,1.3364064220485334,0.9975093413653051,0.029620859293290867,0.022854321428262596,1.373016946174649,1.0382241379310346,58,0.0,0,0.05,11,FIN,0.3885739743709564,0.2,1
dc80f53f94,LTU,1,0,fedavg,fedavg,1,58,5,3,0.001,,0.028303450426604614,0.021510344003939374,1.3328670958667195,0.9909943843638074,0.029620859293290867,0.022854321428262596,1.373016946174649,1.0382241379310346,58,0.0,0,0.05,11,FIN,0.38692694902420044,0.2,1
dc80f53f94,LTU,1,0,fedavg,fedavg,1,59,5,3,0.001,,0.028637573581234917,0.02197657292834202,1.3525838136880957,1.0155930322768365,0.029620859293290867,0.022854321428262596,1.373016946174649,1.0382241379310346,58,0.0,0,0.05,11,FIN,0.36593419313430786,0.2,1
dc80f53f94,LTU,1,0,fedavg,fedavg,1,60,5,3,0.001,,0.028428906634330904,0.02186127946484264,1.3414939378436646,1.009277084050508,0.029620859293290867,0.022854321428262596,1.373016946174649,1.0382241379310346,58,0.0,0,0.05,11,FIN,0.38370078802108765,0.2,1
dc80f53f94,LTU,1,0,fedavg,fedavg,1,61,5,3,0.001,,0.028487878568700446,0.021914905484350287,1.344108708357228,1.0122232814975862,0.029620859293290867,0.022854321428262596,1.373016946174649,1.0382241379310346,58,0.0,0,0.05,11,FIN,0.3820977509021759,0.2,1
dc80f53f94,LTU,1,0,fedavg,fedavg,1,62,5,3,0.001,,0.028513353451083592,0.02185621189785487,1.3434417476719882,1.008649651211912,0.029620859293290867,0.022854321428262596,1.373016946174649,1.0382241379310346,58,0.0,0,0.05,11,FIN,0.38142797350883484,0.2,1
dc80f53f94,LTU,1,0,fedavg,fedavg,1,63,5,3,0.001,,0.028664834434539103,0.02197783711845063,1.3524486557428623,1.0149635758821318,0.029620859293290867,0.022854321428262596,1.373016946174649,1.0382241379310346,58,0.0,0,0.05,11,FIN,0.3821118175983429,0.2,1
dc80f53f94,LTU,1,0,fedavg,fedavg,1,64,5,3,0.001,,0.028582928809311795,0.021983331696838863,1.3483726795585915,1.0153414170217934,0.029620859293290867,0.022854321428262596,1.373016946174649,1.0382241379310346,58,0.0,0,0.05,11,FIN,0.3565472960472107,0.2,1
dc80f53f94,LTU,1,0,fedavg,fedavg,1,65,5,3,0.001,,0.028234209478799396,0.02146870435886928,1.3283546703955167,0.9878926341184256,0.029620859293290867,0.022854321428262596,1.373016946174649,1.0382241379310346,58,0.0,0,0.05,11,FIN,0.35395944118499756,0.2,1
dc80f53f94,LTU,1,0,fedavg,fedavg,1,66,5,3,0.001,,0.02884292941054286,0.022278104428300263,1.3601903953511718,1.0295093798678503,0.029620859293290867,0.022854321428262596,1.373016946174649,1.0382241379310346,58,0.0,0,0.05,11,FIN,0.3687664270401001,0.2,1
dc80f53f94,LTU,1,0,fedavg,fedavg,1,67,5,3,0.001,,0.028440095272805384,0.021748241134728546,1.34032438915848,1.0029000669132027,0.029620859293290867,0.022854321428262596,1.373016946174649,1.0382241379310346,58,0.0,0,0.05,11,FIN,0.36724963784217834,0.2,1
dc80f53f94,LTU,1,0,fedavg,fedavg,1,68,5,3,0.001,,0.028726377458951135,0.022102408626183047,1.3573906814248229,1.0217058952522697,0.029620859293290867,0.022854321428262596,1.373016946174649,1.0382241379310346,58,0.0,0,0.05,11,FIN,0.3646673262119293,0.2,1
dc80f53f94,LTU,1,0,fedavg,fedavg,1,69,5,3,0.001,,0.028954120090345856,0.022308583822199704,1.37110944075845,1.0324829337247492,0.029620859293290867,0.022854321428262596,1.373016946174649,1.0382241379310346,58,0.0,0,0.05,11,FIN,0.36721059679985046,0.2,1
dc80f53f94,LTU,1,0,fedavg,fedavg,1,70,5,3,0.001,,0.029292912335439326,0.022560684942963517,1.3857985583806718,1.044285752295421,0.029620859293290867,0.022854321428262596,1.373016946174649,1.0382241379310346,58,0.0,0,0.05,11,FIN,0.3640599250793457,0.2,1
dc80f53f94,LTU,1,0,fedavg,fedavg,1,71,5,3,0.001,,0.02851855785494926,0.02180033593146524,1.3436563615307884,1.0049486701827635,0.029620859293290867,0.022854321428262596,1.373016946174649,1.0382241379310346,58,0.0,0,0.05,11,FIN,0.3396711051464081,0.2,1
dc80f53f94,LTU,1,0,fedavg,fedavg,1,72,5,3,0.001,,0.029061958480843753,0.022230232328403307,1.374719576625006,1.0274637758372172,0.029620859293290867,0.022854321428262596,1.373016946174649,1.0382241379310346,58,0.0,0,0.05,11,FIN,0.339351624250412,0.2,1
dc80f53f94,LTU,1,0,fedavg,fedavg,1,73,5,3,0.001,,0.028847502469106015,0.02195394898344289,1.365155557016858,1.0135806529758316,0.029620859293290867,0.022854321428262596,1.373016946174649,1.0382241379310346,58,0.0,0,0.05,11,FIN,0.33551549911499023,0.2,1
dc80f53f94,LTU,1,0,fedavg,fedavg,1,74,5,3,0.001,,0.029290350470133526,0.02245348374131497,1.3833187943340983,1.0375805925048638,0.029620859293290867,0.022854321428262596,1.373016946174649,1.0382241379310346,58,0.0,0,0.05,11,FIN,0.35217273235321045,0.2,1
50c0a9569d,LVA-EST,1,0,fedavg,fedavg,1,1,5,3,0.001,,0.1126005677173242,0.09137389969767136,5.291295597298953,4.244473323431508,0.028252420844315417,0.02192374882265033,1.3316002946934136,1.011,58,0.0,0,0.05,11,FIN,0.47484472393989563,0.2,1
50c0a9569d,LVA-EST,1,0,fedavg,fedavg,1,2,5,3,0.001,,0.08115476079921426,0.06465066624464114,3.8867131053008745,3.0336213981437266,0.028252420844315417,0.02192374882265033,1.3316002946934136,1.011,58,0.0,0,0.05,11,FIN,0.4812113344669342,0.2,1
50c0a9569d,LVA-EST,1,0,fedavg,fedavg,1,3,5,3,0.001,,0.05759293058171633,0.04402258717916617,2.817499449609736,2.092625234864908,0.028252420844315417,0.02192374882265033,1.3316002946934136,1.011,58,0.0,0,0.05,11,FIN,0.4855860769748688,0.2,1
50c0a9569d,LVA-EST,1,0,fedavg,fedavg,1,4,5,3,0.001,,0.044760336838290914,0.03105100481028283,2.2199777266126177,1.4835462975214264,0.028252420844315417,0.02192374882265033,1.3316002946934136,1.011,58,0.0,0,0.05,11,FIN,0.46570390462875366,0.2,1
50c0a9569d,LVA-EST,1,0,fedavg,fedavg,1,5,5,3,0.001,,0.03832312505208675,0.026286179941460684,1.8906246499014243,1.2458776089816257,0.028252420844315417,0.02192374882265033,1.3316002946934136,1.011,58,0.0,0,0.05,11,FIN,0.46888649463653564,0.2,1
50c0a9569d,LVA-EST,1,0,fedavg,fedavg,1,6,5,3,0.001,,0.03571574284805674,0.024798949806075863,1.751303738175327,1.168479196278186,0.028252420844315417,0.02192374882265033,1.3316002946934136,1.011,58,0.0,0,0.05,11,FIN,0.4887422025203705,0.2,1
50c0a9569d,LVA-EST,1,0,fedavg,fedavg,1,7,5,3,0.001,,0.03457744181702668,0.02432503735401732,1.692148617885819,1.1447696016564448,0.028252420844315417,0.02192374882265033,1.3316002946934136,1.011,58,0.0,0,0.05,11,FIN,0.4864621162414551,0.2,1
50c0a9569d,LVA-EST,1,0,fedavg,fedavg,1,8,5,3,0.001,,0.03362197070751389,0.02385129310604153,1.6394935567971538,1.1187807064323587,0.028252420844315417,0.02192374882265033,1.3316002946934136,1.011,58,0.0,0,0.05,11,FIN,0.468242883682251,0.2,1
50c0a9569d,LVA-EST,1,0,fedavg,fedavg,1,9,5,3,0.001,,0.03274330856131905,0.02337140225753156,1.5920262464368433,1.0936948739351893,0.028252420844315417,0.02192374882265033,1.3316002946934136,1.011,58,0.0,0,0.05,11,FIN,0.48345711827278137,0.2,1
50c0a9569d,LVA-EST,1,0,fedavg,fedavg,1,10,5,3,0.001,,0.03210244385086966,0.0231501547938839,1.5564319183924287,1.081440958486549,0.028252420844315417,0.02192374882265033,1.3316002946934136,1.011,58,0.0,0,0.05,11,FIN,0.4814507067203522,0.2,1
50c0a9569d,LVA-EST,1,0,fedavg,fedavg,1,11,5,3,0.001,,0.03167693315405533,0.023326820183087717,1.5346837932839388,1.0912097882772311,0.028252420844315417,0.02192374882265033,1.3316002946934136,1.011,58,0.0,0,0.05,11,FIN,0.46247598528862,0.2,1
50c0a9569d,LVA-EST,1,0,fedavg,fedavg,1,12,5,3,0.001,,0.031147957988718153,0.022929092551027586,1.503723806407639,1.0695058773529942,0.028252420844315417,0.02192374882265033,1.3316002946934136,1.011,58,0.0,0,0.05,11,FIN,0.46017712354660034,0.2,1
50c0a9569d,LVA-EST,1,0,fedavg,fedavg,1,13,5,3,0.001,,0.030837755387515823,0.022994097662439313,1.4870294019068562,1.0729758535212484,0.028252420844315417,0.02192374882265033,1.3316002946934136,1.011,58,0.0,0,0.05,11,FIN,0.4591984748840332,0.2,1
50c0a9569d,LVA-EST,1,0,fedavg,fedavg,1,14,5,3,0.001,,0.030416091481872236,0.022710549868924287,1.4615623943008356,1.056217901511439,0.028252420844315417,0.02192374882265033,1.3316002946934136,1.011,58,0.0,0,0.05,11,FIN,0.47456005215644836,0.2,1
50c0a9569d,LVA-EST,1,0,fedavg,fedavg,1,15,5,3,0.001,,0.0302238872898507,0.02285651538565209,1.4527001928825545,1.0651004591913058,0.028252420844315417,0.02192374882265033,1.3316002946934136,1.011,58,0.0,0,0.05,11,FIN,0.4554699957370758,0.2,1
50c0a9569d,LVA-EST,1,0,fedavg,fedavg,1,16,5,3,0.001,,0.029786802796589247,0.022578413629350414,1.4272590410278794,1.049308771259826,0.028252420844315417,0.02192374882265033,1.3316002946934136,1.011,58,0.0,0,0.05,11,FIN,0.4529940187931061,0.2,1
50c0a9569d,LVA-EST,1,0,fedavg,fedavg,1,17,5,3,0.001,,0.02979061520317812,0.02279410980429083,1.4290720844782683,1.0617428605381787,0.028252420844315417,0.02192374882265033,1.3316002946934136,1.011,58,0.0,0,0.05,11,FIN,0.4664289951324463,0.2,1
50c0a9569d,LVA-EST,1,0,fedavg,fedavg,1,18,5,3,0.001,,0.02936654025954914,0.02249188656850461,1.4045614733100262,1.044556192369297,0.028252420844315417,0.02192374882265033,1.3316002946934136,1.011,58,0.0,0,0.05,11,FIN,0.4666646122932434,0.2,1
50c0a9569d,LVA-EST,1,0,fedavg,fedavg,1,19,5,3,0.001,,0.029376911717546198,0.022685942243070117,1.4080686160919842,1.0564173513733104,0.028252420844315417,0.02192374882265033,1.3316002946934136,1.011,58,0.0,0,0.05,11,FIN,0.4632868468761444,0.2,1
50c0a9569d,LVA-EST,1,0,fedavg,fedavg,1,20,5,3,0.001,,0.029107190975163424,0.02242907538411914,1.390537953932456,1.0411366137101745,0.028252420844315417,0.02192374882265033,1.3316002946934136,1.011,58,0.0,0,0.05,11,FIN,0.46204546093940735,0.2,1
50c0a9569d,LVA-EST,1,0,fedavg,fedavg,1,21,5,3,0.001,,0.02897442885340403,0.022382598533897242,1.384669572573158,1.0396382609266663,0.028252420844315417,0.02192374882265033,1.3316002946934136,1.011,58,0.0,0,0.05,11,FIN,0.4604033827781677,0.2,1
50c0a9569d,LVA-EST,1,0,fedavg,fedavg,1,22,5,3,0.001,,0.028888334834986682,0.02247894670842376,1.378203201056287,1.043166953796971,0.028252420844315417,0.02192374882265033,1.3316002946934136,1.011,58,0.0,0,0.05,11,FIN,0.45754095911979675,0.2,1
50c0a9569d,LVA-EST,1,0,fedavg,fedavg,1,23,5,3,0.001,,0.028814803388231017,0.02255333979626122,1.3746105546592522,1.0472858106123994,0.028252420844315417,0.02192374882265033,1.3316002946934136,1.011,58,0.0,0,0.05,11,FIN,0.4542408585548401,0.2,1
50c0a9569d,LVA-EST,1,0,fedavg,fedavg,1,24,5,3,0.001,,0.028582122979979575,0.022342038697137592,1.3611374876979196,1.036485939957973,0.028252420844315417,0.02192374882265033,1.3316002946934136,1.011,58,0.0,0,0.05,11,FIN,0.4531063437461853,0.2,1
50c0a9569d,LVA-EST,1,0,fedavg,fedavg,1,25,5,3,0.001,,0.028604213950515073,0.02248649549939477,1.363456703445751,1.044046570825166,0.028252420844315417,0.02192374882265033,1.3316002946934136,1.011,58,0.0,0,0.05,11,FIN,0.4506552517414093,0.2,1
50c0a9569d,LVA-EST,1,0,fedavg,fedavg,1,26,5,3,0.001,,0.0282069330780122,0.022067649545878622,1.338823263272859,1.022350480135145,0.028252420844315417,0.02192374882265033,1.3316002946934136,1.011,58,0.0,0,0.05,11,FIN,0.449800968170166,0.2,1
50c0a9569d,LVA-EST,1,0,fedavg,fedavg,1,27,5,3,0.001,,0.028221709089872433,0.02219558077169871,1.3426304016473947,1.0296386072337633,0.028252420844315417,0.02192374882265033,1.3316002946934136,1.011,58,0.0,0,0.05,11,FIN,0.44578254222869873,0.2,1
50c0a9569d,LVA-EST,1,0,fedavg,fedavg,1,28,5,3,0.001,,0.028079262137184133,0.022108249754669015,1.3320853928458174,1.0236821376866312,0.028252420844315417,0.02192374882265033,1.3316002946934136,1.011,58,0.0,0,0.05,11,FIN,0.4423803985118866,0.2,1
50c0a9569d,LVA-EST,1,0,fedavg,fedavg,1,29,5,3,0.001,,0.028108943190294614,0.022253900384008565,1.3346508268979393,1.0317570909138385,0.028252420844315417,0.02192374882265033,1.3316002946934136,1.011,58,0.0,0,0.05,11,FIN,0.4393410384654999,0.2,1
50c0a9569d,LVA-EST,1,0,fedavg,fedavg,1,30,5,3,0.001,,0.02814117315266722,0.0223116736632274,1.3357112164521985,1.0341867054711131,0.028252420844315417,0.02192374882265033,1.3316002946934136,1.011,58,0.0,0,0.05,11,FIN,0.42095547914505005,0.2,1
50c0a9569d,LVA-EST,1,0,fedavg,fedavg,1,31,5,3,0.001,,0.027996171701319513,0.02212102974841275,1.3282847623731755,1.0255096634492795,0.028252420844315417,0.02192374882265033,1.3316002946934136,1.011,58,0.0,0,0.05,11,FIN,0.4342974126338959,0.2,1
50c0a9569d,LVA-EST,1,0,fedavg,fedavg,1,32,5,3,0.001,,0.028132331852369165,0.022303523948408087,1.3339858211334574,1.0332954135115806,0.028252420844315417,0.02192374882265033,1.3316002946934136,1.011,58,0.0,0,0.05,11,FIN,0.41549059748649597,0.2,1
50c0a9569d,LVA-EST,1,0,fedavg,fedavg,1,33,5,3,0.001,,0.027945100290733486,0.02217931651554456,1.3242161375989527,1.0281152742690052,0.028252420844315417,0.02192374882265033,1.3316002946934136,1.011,58,0.0,0,0.05,11,FIN,0.43031543493270874,0.2,1
50c0a9569d,LVA-EST,1,0,fedavg,fedavg,1,34,5,3,0.001,,0.027940316794915546,0.02219654989312403,1.3216894057933617,1.0273960767922734,0.028252420844315417,0.02192374882265033,1.3316002946934136,1.011,58,0.0,0,0.05,11,FIN,0.42791682481765747,0.2,1
50c0a9569d,LVA-EST,1,0,fedavg,fedavg,1,35,5,3,0.001,,0.027811595145804526,0.022001067412302604,1.3146447603828795,1.0181637723589763,0.028252420844315417,0.02192374882265033,1.3316002946934136,1.011,58,0.0,0,0.05,11,FIN,0.4243055582046509,0.2,1
50c0a9569d,LVA-EST,1,0,fedavg,fedavg,1,36,5,3,0.001,,0.028039104779673436,0.022296466843570294,1.3288811295031333,1.0343228256609935,0.028252420844315417,0.02192374882265033,1.3316002946934136,1.011,58,0.0,0,0.05,11,FIN,0.40575850009918213,0.2,1
50c0a9569d,LVA-EST,1,0,fedavg,fedavg,1,37,5,3,0.001,,0.027941312473699992,0.022247513478164206,1.3216510700558535,1.0309236510375452,0.028252420844315417,0.02192374882265033,1.3316002946934136,1.011,58,0.0,0,0.05,11,FIN,0.42024320363998413,0.2,1
50c0a9569d,LVA-EST,1,0,fedavg,fedavg,1,38,5,3,0.001,,0.027873225171786486,0.02219915169528043,1.3157840221109782,1.0272623842389421,0.028252420844315417,0.02192374882265033,1.3316002946934136,1.011,58,0.0,0,0.05,11,FIN,0.41674694418907166,0.2,1
50c0a9569d,LVA-EST,1,0,fedavg,fedavg,1,39,5,3,0.001,,0.027993477734473724,0.02236827499341573,1.3241049716083304,1.0367560785176424,0.028252420844315417,0.02192374882265033,1.3316002946934136,1.011,58,0.0,0,0.05,11,FIN,0.41300857067108154,0.2,1
50c0a9569d,LVA-EST,1,0,fedavg,fedavg,1,40,5,3,0.001,,0.027893951479979168,0.022236849449310002,1.3168954640311825,1.0293666046888665,0.028252420844315417,0.02192374882265033,1.3316002946934136,1.011,58,0.0,0,0.05,11,FIN,0.40836864709854126,0.2,1
50c0a9569d,LVA-EST,1,0,fedavg,fedavg,1,41,5,3,0.001,,0.027910680693872703,0.022285654927114155,1.317003165456306,1.0316942956509265,0.028252420844315417,0.02192374882265033,1.3316002946934136,1.011,58,0.0,0,0.05,11,FIN,0.39249759912490845,0.2,1
50c0a9569d,LVA-EST,1,0,fedavg,fedavg,1,42,5,3,0.001,,0.027858594812660935,0.02215945076273658,1.3113812252231543,1.0238015647602494,0.028252420844315417,0.02192374882265033,1.3316002946934136,1.011,58,0.0,0,0.05,11,FIN,0.4061262011528015,0.2,1
50c0a9569d,LVA-EST,1,0,fedavg,fedavg,1,43,5,3,0.001,,0.02802437828494204,0.02247459124593096,1.323907025040862,1.042549213592348,0.028252420844315417,0.02192374882265033,1.3316002946934136,1.011,58,0.0,0,0.05,11,FIN,0.3876904249191284,0.2,1
50c0a9569d,LVA-EST,1,0,fedavg,fedavg,1,44,5,3,0.001,,0.027766913642006636,0.02210471905458815,1.305909858054602,1.0213830320300732,0.028252420844315417,0.02192374882265033,1.3316002946934136,1.011,58,0.0,0,0.05,11,FIN,0.39919421076774597,0.2,1
50c0a9569d,LVA-EST,1,0,fedavg,fedavg,1,45,5,3,0.001,,0.027820634080120112,0.022226269528518656,1.3104642171916403,1.0294630772522815,0.028252420844315417,0.02192374882265033,1.3316002946934136,1.011,58,0.0,0,0.05,11,FIN,0.3963906764984131,0.2,1
50c0a9569d,LVA-EST,1,0,fedavg,fedavg,1,46,5,3,0.001,,0.027769566414735315,0.022189141197957035,1.3049464312644299,1.0259064542918368,0.028252420844315417,0.02192374882265033,1.3316002946934136,1.011,58,0.0,0,0.05,11,FIN,0.39387866854667664,0.2,1
50c0a9569d,LVA-EST,1,0,fedavg,fedavg,1,47,5,3,0.001,,0.027922094237757763,0.022335713965103737,1.3138763013020809,1.0343282808980037,0.028252420844315417,0.02192374882265033,1.3316002946934136,1.011,58,0.0,0,0.05,11,FIN,0.39129990339279175,0.2,1
50c0a9569d,LVA-EST,1,0,fedavg,fedavg,1,48,5,3,0.001,,0.027951772920358362,0.022372394618538113,1.315388481394223,1.0363860452185414,0.028252420844315417,0.02192374882265033,1.3316002946934136,1.011,58,0.0,0,0.05,11,FIN,0.387928307056427,0.2,1
50c0a9569d,LVA-EST,1,0,fedavg,fedavg,1,49,5,3,0.001,,0.027842032754651136,0.02220621076713573,1.3071140188028254,1.0271008876243541,0.028252420844315417,0.02192374882265033,1.3316002946934136,1.011,58,0.0,0,0.05,11,FIN,0.3849116861820221,0.2,1
50c0a9569d,LVA-EST,1,0,fedavg,fedavg,1,50,5,3,0.001,,0.027952816323082833,0.022354027155007974,1.3132203007882097,1.035272327195981,0.028252420844315417,0.02192374882265033,1.3316002946934136,1.011,58,0.0,0,0.05,11,FIN,0.36626970767974854,0.2,1
50c0a9569d,LVA-EST,1,0,fedavg,fedavg,1,51,5,3,0.001,,0.02796836994753783,0.022352733387378976,1.3120551361447288,1.0342935729972251,0.028252420844315417,0.02192374882265033,1.3316002946934136,1.011,58,0.0,0,0.05,11,FIN,0.3640359938144684,0.2,1
50c0a9569d,LVA-EST,1,0,fedavg,fedavg,1,52,5,3,0.001,,0.028121414903782026,0.02262234393455056,1.3204823693280308,1.0474168619852642,0.028252420844315417,0.02192374882265033,1.3316002946934136,1.011,58,0.0,0,0.05,11,FIN,0.36163610219955444,0.2,1
50c0a9569d,LVA-EST,1,0,fedavg,fedavg,1,53,5,3,0.001,,0.028058210648284808,0.02245682286367559,1.3171292326473227,1.0399259158177623,0.028252420844315417,0.02192374882265033,1.3316002946934136,1.011,58,0.0,0,0.05,11,FIN,0.35771143436431885,0.2,1
50c0a9569d,LVA-EST,1,0,fedavg,fedavg,1,54,5,3,0.001,,0.028054949619745147,0.022407849747808007,1.315043928072259,1.037232241354112,0.028252420844315417,0.02192374882265033,1.3316002946934136,1.011,58,0.0,0,0.05,11,FIN,0.3724782168865204,0.2,1
50c0a9569d,LVA-EST,1,0,fedavg,fedavg,1,55,5,3,0.001,,0.0280254785141592,0.022185247755761996,1.309506610346497,1.024183524248929,0.028252420844315417,0.02192374882265033,1.3316002946934136,1.011,58,0.0,0,0.05,11,FIN,0.35264942049980164,0.2,1
50c0a9569d,LVA-EST,1,0,fedavg,fedavg,1,56,5,3,0.001,,0.028230255240835982,0.022549092074141613,1.3226577604612744,1.044150712039964,0.028252420844315417,0.02192374882265033,1.3316002946934136,1.011,58,0.0,0,0.05,11,FIN,0.3504025638103485,0.2,1
50c0a9569d,LVA-EST,1,0,fedavg,fedavg,1,57,5,3,0.001,,0.028151392715087493,0.022345127420427664,1.3147869301363173,1.0326595172871804,0.028252420844315417,0.02192374882265033,1.3316002946934136,1.011,58,0.0,0,0.05,11,FIN,0.36211952567100525,0.2,1
50c0a9569d,LVA-EST,1,0,fedavg,fedavg,1,58,5,3,0.001,,0.02830671725630113,0.022654091051161483,1.3246631763406511,1.048876554722416,0.028252420844315417,0.02192374882265033,1.3316002946934136,1.011,58,0.0,0,0.05,11,FIN,0.3592832386493683,0.2,1
50c0a9569d,LVA-EST,1,0,fedavg,fedavg,1,59,5,3,0.001,,0.02833069876512952,0.02262388447054726,1.3228241161354626,1.0459807138288848,0.028252420844315417,0.02192374882265033,1.3316002946934136,1.011,58,0.0,0,0.05,11,FIN,0.34087055921554565,0.2,1
50c0a9569d,LVA-EST,1,0,fedavg,fedavg,1,60,5,3,0.001,,0.028408235924248737,0.02271338540494667,1.3272029472467133,1.05078924490049,0.028252420844315417,0.02192374882265033,1.3316002946934136,1.011,58,0.0,0,0.05,11,FIN,0.3537173569202423,0.2,1
50c0a9569d,LVA-EST,1,0,fedavg,fedavg,1,61,5,3,0.001,,0.02840320619095562,0.022762539582768585,1.3269005275501677,1.0533529237529327,0.028252420844315417,0.02192374882265033,1.3316002946934136,1.011,58,0.0,0,0.05,11,FIN,0.3505290150642395,0.2,1
50c0a9569d,LVA-EST,1,0,fedavg,fedavg,1,62,5,3,0.001,,0.028383897672952928,0.022717285591201727,1.3235064580157723,1.0499317923599276,0.028252420844315417,0.02192374882265033,1.3316002946934136,1.011,58,0.0,0,0.05,11,FIN,0.34764283895492554,0.2,1
50c0a9569d,LVA-EST,1,0,fedavg,fedavg,1,63,5,3,0.001,,0.028425630843385008,0.022654071525501987,1.3242561879104546,1.0474596196628847,0.028252420844315417,0.02192374882265033,1.3316002946934136,1.011,58,0.0,0,0.05,11,FIN,0.3448745310306549,0.2,1
50c0a9569d,LVA-EST,1,0,fedavg,fedavg,1,64,5,3,0.001,,0.02850829125038682,0.022795031372064338,1.3273328939640832,1.052783648614226,0.028252420844315417,0.02192374882265033,1.3316002946934136,1.011,58,0.0,0,0.05,11,FIN,0.3263499438762665,0.2,1
50c0a9569d,LVA-EST,1,0,fedavg,fedavg,1,65,5,3,0.001,,0.028595662163688793,0.02284524340387273,1.3307327693088362,1.055690094816274,0.028252420844315417,0.02192374882265033,1.3316002946934136,1.011,58,0.0,0,0.05,11,FIN,0.3232136070728302,0.2,1
50c0a9569d,LVA-EST,1,0,fedavg,fedavg,1,66,5,3,0.001,,0.028524589647868838,0.022467088254353288,1.3227892879012892,1.037234045074932,0.028252420844315417,0.02192374882265033,1.3316002946934136,1.011,58,0.0,0,0.05,11,FIN,0.3365142345428467,0.2,1
50c0a9569d,LVA-EST,1,0,fedavg,fedavg,1,67,5,3,0.001,,0.028580114381430786,0.022818166580942364,1.3273608903471616,1.0530383473686105,0.028252420844315417,0.02192374882265033,1.3316002946934136,1.011,58,0.0,0,0.05,11,FIN,0.3327527642250061,0.2,1
50c0a9569d,LVA-EST,1,0,fedavg,fedavg,1,68,5,3,0.001,,0.028576887830418254,0.022857705784503947,1.326986009175016,1.0557343199653872,0.028252420844315417,0.02192374882265033,1.3316002946934136,1.011,58,0.0,0,0.05,11,FIN,0.3296687602996826,0.2,1
50c0a9569d,LVA-EST,1,0,fedavg,fedavg,1,69,5,3,0.001,,0.028929527220249152,0.02321675427334287,1.3460488559631762,1.0738944559981087,0.028252420844315417,0.02192374882265033,1.3316002946934136,1.011,58,0.0,0,0.05,11,FIN,0.3271258473396301,0.2,1
50c0a9569d,LVA-EST,1,0,fedavg,fedavg,1,70,5,3,0.001,,0.028854179568285135,0.023022024614278803,1.3403681969444539,1.0650505795992657,0.028252420844315417,0.02192374882265033,1.3316002946934136,1.011,58,0.0,0,0.05,11,FIN,0.32149195671081543,0.2,1
50c0a9569d,LVA-EST,1,0,fedavg,fedavg,1,71,5,3,0.001,,0.028790456088743265,0.022966315595489315,1.3348201048157664,1.0597864071809018,0.028252420844315417,0.02192374882265033,1.3316002946934136,1.011,58,0.0,0,0.05,11,FIN,0.30278417468070984,0.2,1
50c0a9569d,LVA-EST,1,0,fedavg,fedavg,1,72,5,3,0.001,,0.028778306816269094,0.02294589175565714,1.3341905970287884,1.0607666577604316,0.028252420844315417,0.02192374882265033,1.3316002946934136,1.011,58,0.0,0,0.05,11,FIN,0.3021024167537689,0.2,1
50c0a9569d,LVA-EST,1,0,fedavg,fedavg,1,73,5,3,0.001,,0.02886864339540276,0.023173808356032482,1.3385180028903902,1.0700821718707165,0.028252420844315417,0.02192374882265033,1.3316002946934136,1.011,58,0.0,0,0.05,11,FIN,0.298267662525177,0.2,1
50c0a9569d,LVA-EST,1,0,fedavg,fedavg,1,74,5,3,0.001,,0.028946471098196515,0.022999234187440817,1.3392665940206836,1.0623469378496038,0.028252420844315417,0.02192374882265033,1.3316002946934136,1.011,58,0.0,0,0.05,11,FIN,0.3129844665527344,0.2,1
c6d39aa2f0,TTF,1,0,fedavg,fedavg,1,1,5,3,0.001,,0.10746574400299584,0.08649340271259169,3.634943308985226,2.9016341787051343,0.03199440164571892,0.024185610336796105,1.0977720040524601,0.8142881355932202,59,0.0,0,0.05,11,FIN,0.47534823417663574,0.2,1
c6d39aa2f0,TTF,1,0,fedavg,fedavg,1,2,5,3,0.001,,0.0781666702844169,0.0646090688888315,2.651911734513254,2.1754903486381143,0.03199440164571892,0.024185610336796105,1.0977720040524601,0.8142881355932202,59,0.0,0,0.05,11,FIN,0.48103490471839905,0.2,1
c6d39aa2f0,TTF,1,0,fedavg,fedavg,1,3,5,3,0.001,,0.059609909977971075,0.047044361145353986,2.0482515407258006,1.5935872053160511,0.03199440164571892,0.024185610336796105,1.0977720040524601,0.8142881355932202,59,0.0,0,0.05,11,FIN,0.48531374335289,0.2,1
c6d39aa2f0,TTF,1,0,fedavg,fedavg,1,4,5,3,0.001,,0.049411939118083316,0.03561443574647656,1.7227850631901767,1.223036441046303,0.03199440164571892,0.024185610336796105,1.0977720040524601,0.8142881355932202,59,0.0,0,0.05,11,FIN,0.46574944257736206,0.2,1
c6d39aa2f0,TTF,1,0,fedavg,fedavg,1,5,5,3,0.001,,0.043028864390967377,0.030181846028919948,1.4896884411599456,1.0333718022825353,0.03199440164571892,0.024185610336796105,1.0977720040524601,0.8142881355932202,59,0.0,0,0.05,11,FIN,0.46882954239845276,0.2,1
c6d39aa2f0,TTF,1,0,fedavg,fedavg,1,6,5,3,0.001,,0.04097166861007662,0.029504834469092096,1.4187094599391386,1.0083443766640405,0.03199440164571892,0.024185610336796105,1.0977720040524601,0.8142881355932202,59,0.0,0,0.05,11,FIN,0.4881975054740906,0.2,1
c6d39aa2f0,TTF,1,0,fedavg,fedavg,1,7,5,3,0.001,,0.0406239520595926,0.02964120801790791,1.4117701378543512,1.0156921485733177,0.03199440164571892,0.024185610336796105,1.0977720040524601,0.8142881355932202,59,0.0,0,0.05,11,FIN,0.483432799577713,0.2,1
c6d39aa2f0,TTF,1,0,fedavg,fedavg,1,8,5,3,0.001,,0.0395198420913884,0.029050212203509222,1.3643596021120414,0.990898316779379,0.03199440164571892,0.024185610336796105,1.0977720040524601,0.8142881355932202,59,0.0,0,0.05,11,FIN,0.466311514377594,0.2,1
c6d39aa2f0,TTF,1,0,fedavg,fedavg,1,9,5,3,0.001,,0.03978476483178242,0.02954302481138858,1.378975035846579,1.0103826164593128,0.03199440164571892,0.024185610336796105,1.0977720040524601,0.8142881355932202,59,0.0,0,0.05,11,FIN,0.4784195125102997,0.2,1
c6d39aa2f0,TTF,1,0,fedavg,fedavg,1,10,5,3,0.001,,0.03920740279661561,0.029306979321132777,1.3538636020228503,0.9997801995247092,0.03199440164571892,0.024185610336796105,1.0977720040524601,0.8142881355932202,59,0.0,0,0.05,11,FIN,0.4759276509284973,0.2,1
c6d39aa2f0,TTF,1,0,fedavg,fedavg,1,11,5,3,0.001,,0.039746632349979216,0.02982592466681943,1.378088503116355,1.0202389512779344,0.03199440164571892,0.024185610336796105,1.0977720040524601,0.8142881355932202,59,0.0,0,0.05,11,FIN,0.4582573473453522,0.2,1
c6d39aa2f0,TTF,1,0,fedavg,fedavg,1,12,5,3,0.001,,0.03955559085476997,0.029783631714408176,1.3693049631559635,1.017740219771861,0.03199440164571892,0.024185610336796105,1.0977720040524601,0.8142881355932202,59,0.0,0,0.05,11,FIN,0.45544806122779846,0.2,1
c6d39aa2f0,TTF,1,0,fedavg,fedavg,1,13,5,3,0.001,,0.0393042484426392,0.02964448795448673,1.3553381373656501,1.0104991399383134,0.03199440164571892,0.024185610336796105,1.0977720040524601,0.8142881355932202,59,0.0,0,0.05,11,FIN,0.45342761278152466,0.2,1
c6d39aa2f0,TTF,1,0,fedavg,fedavg,1,14,5,3,0.001,,0.039729813058902545,0.0301454256257137,1.3732055392949376,1.0284602975724104,0.03199440164571892,0.024185610336796105,1.0977720040524601,0.8142881355932202,59,0.0,0,0.05,11,FIN,0.46650177240371704,0.2,1
c6d39aa2f0,TTF,1,0,fedavg,fedavg,1,15,5,3,0.001,,0.039126653988410844,0.029829284950688293,1.3440315434443024,1.013550523190175,0.03199440164571892,0.024185610336796105,1.0977720040524601,0.8142881355932202,59,0.0,0,0.05,11,FIN,0.44738510251045227,0.2,1
c6d39aa2f0,TTF,1,0,fedavg,fedavg,1,16,5,3,0.001,,0.03985344448210595,0.030685252668849052,1.3739622969740777,1.0435016746349253,0.03199440164571892,0.024185610336796105,1.0977720040524601,0.8142881355932202,59,0.0,0,0.05,11,FIN,0.44398272037506104,0.2,1
c6d39aa2f0,TTF,1,0,fedavg,fedavg,1,17,5,3,0.001,,0.039988070654140125,0.03075317964372146,1.3822389472570047,1.0480672035520358,0.03199440164571892,0.024185610336796105,1.0977720040524601,0.8142881355932202,59,0.0,0,0.05,11,FIN,0.4557042717933655,0.2,1
c6d39aa2f0,TTF,1,0,fedavg,fedavg,1,18,5,3,0.001,,0.03946256561719932,0.03045480374850617,1.361073174097146,1.0361850421762058,0.03199440164571892,0.024185610336796105,1.0977720040524601,0.8142881355932202,59,0.0,0,0.05,11,FIN,0.45542532205581665,0.2,1
c6d39aa2f0,TTF,1,0,fedavg,fedavg,1,19,5,3,0.001,,0.03989905526117246,0.03071517891238712,1.3818136530892597,1.047060382342944,0.03199440164571892,0.024185610336796105,1.0977720040524601,0.8142881355932202,59,0.0,0,0.05,11,FIN,0.4535255432128906,0.2,1
c6d39aa2f0,TTF,1,0,fedavg,fedavg,1,20,5,3,0.001,,0.03936784355705627,0.03029641322100977,1.359669570331953,1.0317821430584129,0.03199440164571892,0.024185610336796105,1.0977720040524601,0.8142881355932202,59,0.0,0,0.05,11,FIN,0.44928503036499023,0.2,1
c6d39aa2f0,TTF,1,0,fedavg,fedavg,1,21,5,3,0.001,,0.03907690465284731,0.030107789808071328,1.3484784919846868,1.0247927225090685,0.03199440164571892,0.024185610336796105,1.0977720040524601,0.8142881355932202,59,0.0,0,0.05,11,FIN,0.44848838448524475,0.2,1
c6d39aa2f0,TTF,1,0,fedavg,fedavg,1,22,5,3,0.001,,0.03980270057850581,0.030650941932266106,1.3781123205652306,1.0448861640924105,0.03199440164571892,0.024185610336796105,1.0977720040524601,0.8142881355932202,59,0.0,0,0.05,11,FIN,0.4442085921764374,0.2,1
c6d39aa2f0,TTF,1,0,fedavg,fedavg,1,23,5,3,0.001,,0.039591293214233686,0.030595044393321277,1.3682752056048693,1.0415854041293517,0.03199440164571892,0.024185610336796105,1.0977720040524601,0.8142881355932202,59,0.0,0,0.05,11,FIN,0.4411148130893707,0.2,1
c6d39aa2f0,TTF,1,0,fedavg,fedavg,1,24,5,3,0.001,,0.03972236016597645,0.030759154827831217,1.3723966601210935,1.0468607999217707,0.03199440164571892,0.024185610336796105,1.0977720040524601,0.8142881355932202,59,0.0,0,0.05,11,FIN,0.43870463967323303,0.2,1
c6d39aa2f0,TTF,1,0,fedavg,fedavg,1,25,5,3,0.001,,0.039864300269442564,0.030668500314616615,1.3825275635776264,1.0470858325857222,0.03199440164571892,0.024185610336796105,1.0977720040524601,0.8142881355932202,59,0.0,0,0.05,11,FIN,0.4344331920146942,0.2,1
c6d39aa2f0,TTF,1,0,fedavg,fedavg,1,26,5,3,0.001,,0.03970014096877794,0.030854260794605303,1.373719444763837,1.0501799975744741,0.03199440164571892,0.024185610336796105,1.0977720040524601,0.8142881355932202,59,0.0,0,0.05,11,FIN,0.43414753675460815,0.2,1
c6d39aa2f0,TTF,1,0,fedavg,fedavg,1,27,5,3,0.001,,0.03949779836490218,0.030522105135063055,1.3634403274436204,1.0381041792893808,0.03199440164571892,0.024185610336796105,1.0977720040524601,0.8142881355932202,59,0.0,0,0.05,11,FIN,0.4281587600708008,0.2,1
c6d39aa2f0,TTF,1,0,fedavg,fedavg,1,28,5,3,0.001,,0.03974729612300168,0.030817552983674015,1.3712624718530455,1.0473239866818407,0.03199440164571892,0.024185610336796105,1.0977720040524601,0.8142881355932202,59,0.0,0,0.05,11,FIN,0.4257393181324005,0.2,1
c6d39aa2f0,TTF,1,0,fedavg,fedavg,1,29,5,3,0.001,,0.04028918467401777,0.031239083692849754,1.3965399688664126,1.0649554781135864,0.03199440164571892,0.024185610336796105,1.0977720040524601,0.8142881355932202,59,0.0,0,0.05,11,FIN,0.42349323630332947,0.2,1
c6d39aa2f0,TTF,1,0,fedavg,fedavg,1,30,5,3,0.001,,0.0396753879479326,0.030781494446643392,1.3686122004457235,1.046251444295301,0.03199440164571892,0.024185610336796105,1.0977720040524601,0.8142881355932202,59,0.0,0,0.05,11,FIN,0.40409570932388306,0.2,1
c6d39aa2f0,TTF,1,0,fedavg,fedavg,1,31,5,3,0.001,,0.03997098172532357,0.031074359043209293,1.3814805512060633,1.0568747787990813,0.03199440164571892,0.024185610336796105,1.0977720040524601,0.8142881355932202,59,0.0,0,0.05,11,FIN,0.418160080909729,0.2,1
c6d39aa2f0,TTF,1,0,fedavg,fedavg,1,32,5,3,0.001,,0.040109648914327375,0.031182199409744562,1.3878528588283892,1.061331370491092,0.03199440164571892,0.024185610336796105,1.0977720040524601,0.8142881355932202,59,0.0,0,0.05,11,FIN,0.39829376339912415,0.2,1
c6d39aa2f0,TTF,1,0,fedavg,fedavg,1,33,5,3,0.001,,0.04104962080077416,0.03185981399304691,1.428334848717671,1.0878784589181512,0.03199440164571892,0.024185610336796105,1.0977720040524601,0.8142881355932202,59,0.0,0,0.05,11,FIN,0.4117770493030548,0.2,1
c6d39aa2f0,TTF,1,0,fedavg,fedavg,1,34,5,3,0.001,,0.04063420357069988,0.03157996627111462,1.40879334698519,1.0762029184274755,0.03199440164571892,0.024185610336796105,1.0977720040524601,0.8142881355932202,59,0.0,0,0.05,11,FIN,0.4084276258945465,0.2,1
c6d39aa2f0,TTF,1,0,fedavg,fedavg,1,35,5,3,0.001,,0.040329758667900034,0.03153493887669864,1.3949844441430155,1.071797856883477,0.03199440164571892,0.024185610336796105,1.0977720040524601,0.8142881355932202,59,0.0,0,0.05,11,FIN,0.40688860416412354,0.2,1
c6d39aa2f0,TTF,1,0,fedavg,fedavg,1,36,5,3,0.001,,0.04088523090541854,0.0319283756247911,1.4172231428582405,1.0866672629602883,0.03199440164571892,0.024185610336796105,1.0977720040524601,0.8142881355932202,59,0.0,0,0.05,11,FIN,0.3863576650619507,0.2,1
c6d39aa2f0,TTF,1,0,fedavg,fedavg,1,37,5,3,0.001,,0.04111996443853928,0.03215552861032755,1.4276508102310381,1.0953721173173288,0.03199440164571892,0.024185610336796105,1.0977720040524601,0.8142881355932202,59,0.0,0,0.05,11,FIN,0.399687796831131,0.2,1
c6d39aa2f0,TTF,1,0,fedavg,fedavg,1,38,5,3,0.001,,0.04070675827348358,0.03187102661172118,1.4094657066736278,1.0838152159725203,0.03199440164571892,0.024185610336796105,1.0977720040524601,0.8142881355932202,59,0.0,0,0.05,11,FIN,0.39608249068260193,0.2,1
c6d39aa2f0,TTF,1,0,fedavg,fedavg,1,39,5,3,0.001,,0.04107746389126517,0.032205510009435334,1.423827494255964,1.0957856950234555,0.03199440164571892,0.024185610336796105,1.0977720040524601,0.8142881355932202,59,0.0,0,0.05,11,FIN,0.39234572649002075,0.2,1
c6d39aa2f0,TTF,1,0,fedavg,fedavg,1,40,5,3,0.001,,0.040524202822714975,0.03190805246141913,1.4013343214516394,1.0839367369059787,0.03199440164571892,0.024185610336796105,1.0977720040524601,0.8142881355932202,59,0.0,0,0.05,11,FIN,0.3864625096321106,0.2,1
c6d39aa2f0,TTF,1,0,fedavg,fedavg,1,41,5,3,0.001,,0.040801266796774656,0.03207344341711378,1.4099021961024756,1.0888532474152108,0.03199440164571892,0.024185610336796105,1.0977720040524601,0.8142881355932202,59,0.0,0,0.05,11,FIN,0.36957550048828125,0.2,1
c6d39aa2f0,TTF,1,0,fedavg,fedavg,1,42,5,3,0.001,,0.041058105367873486,0.03238487383449387,1.4232088068740039,1.1014802334369238,0.03199440164571892,0.024185610336796105,1.0977720040524601,0.8142881355932202,59,0.0,0,0.05,11,FIN,0.3834419250488281,0.2,1
c6d39aa2f0,TTF,1,0,fedavg,fedavg,1,43,5,3,0.001,,0.04115230304782196,0.032464447676922366,1.424912785157765,1.10287232871783,0.03199440164571892,0.024185610336796105,1.0977720040524601,0.8142881355932202,59,0.0,0,0.05,11,FIN,0.36367419362068176,0.2,1
c6d39aa2f0,TTF,1,0,fedavg,fedavg,1,44,5,3,0.001,,0.04109094255362139,0.03238406734071451,1.4222787044332246,1.100247011830241,0.03199440164571892,0.024185610336796105,1.0977720040524601,0.8142881355932202,59,0.0,0,0.05,11,FIN,0.3745558261871338,0.2,1
c6d39aa2f0,TTF,1,0,fedavg,fedavg,1,45,5,3,0.001,,0.04099097246988267,0.03250581816221603,1.4181353853522742,1.1034508629511977,0.03199440164571892,0.024185610336796105,1.0977720040524601,0.8142881355932202,59,0.0,0,0.05,11,FIN,0.3718985319137573,0.2,1
c6d39aa2f0,TTF,1,0,fedavg,fedavg,1,46,5,3,0.001,,0.041125315173363215,0.032611404380847905,1.420367817321822,1.1059351205290373,0.03199440164571892,0.024185610336796105,1.0977720040524601,0.8142881355932202,59,0.0,0,0.05,11,FIN,0.3693661391735077,0.2,1
c6d39aa2f0,TTF,1,0,fedavg,fedavg,1,47,5,3,0.001,,0.04157727896512735,0.03283982503847456,1.4398687927667375,1.1161761621913662,0.03199440164571892,0.024185610336796105,1.0977720040524601,0.8142881355932202,59,0.0,0,0.05,11,FIN,0.3655795156955719,0.2,1
c6d39aa2f0,TTF,1,0,fedavg,fedavg,1,48,5,3,0.001,,0.04168218041775047,0.03308225752316194,1.445616263920683,1.1248004928271649,0.03199440164571892,0.024185610336796105,1.0977720040524601,0.8142881355932202,59,0.0,0,0.05,11,FIN,0.3618534505367279,0.2,1
c6d39aa2f0,TTF,1,0,fedavg,fedavg,1,49,5,3,0.001,,0.04119533611833436,0.03271148354702992,1.4212793664367993,1.1088397436748119,0.03199440164571892,0.024185610336796105,1.0977720040524601,0.8142881355932202,59,0.0,0,0.05,11,FIN,0.35887402296066284,0.2,1
c6d39aa2f0,TTF,1,0,fedavg,fedavg,1,50,5,3,0.001,,0.04171389070572326,0.033152120228328,1.4437300880965223,1.125336839017221,0.03199440164571892,0.024185610336796105,1.0977720040524601,0.8142881355932202,59,0.0,0,0.05,11,FIN,0.33971449732780457,0.2,1
c6d39aa2f0,TTF,1,0,fedavg,fedavg,1,51,5,3,0.001,,0.04199821368854669,0.03342934155745937,1.4574525392673658,1.1366107465271222,0.03199440164571892,0.024185610336796105,1.0977720040524601,0.8142881355932202,59,0.0,0,0.05,11,FIN,0.337473601102829,0.2,1
